-- phpMyAdmin SQL Dump
-- version 5.2.3
-- https://www.phpmyadmin.net/
--
-- Hôte : 127.0.0.1:3306
-- Généré le : dim. 07 juin 2026 à 13:51
-- Version du serveur : 8.4.7
-- Version de PHP : 8.3.28

SET SQL_MODE = "NO_AUTO_VALUE_ON_ZERO";
START TRANSACTION;
SET time_zone = "+00:00";


/*!40101 SET @OLD_CHARACTER_SET_CLIENT=@@CHARACTER_SET_CLIENT */;
/*!40101 SET @OLD_CHARACTER_SET_RESULTS=@@CHARACTER_SET_RESULTS */;
/*!40101 SET @OLD_COLLATION_CONNECTION=@@COLLATION_CONNECTION */;
/*!40101 SET NAMES utf8mb4 */;

--
-- Base de données : `gestion_des-rendez-vous5`
--

-- --------------------------------------------------------

--
-- Structure de la table `fiche_patient`
--

DROP TABLE IF EXISTS `fiche_patient`;
CREATE TABLE IF NOT EXISTS `fiche_patient` (
  `idfiche` int NOT NULL AUTO_INCREMENT,
  `idpatient` int NOT NULL,
  `idpersonnel` int DEFAULT NULL,
  `nom` varchar(100) COLLATE utf8mb4_general_ci DEFAULT NULL,
  `prenom` varchar(100) COLLATE utf8mb4_general_ci DEFAULT NULL,
  `age` int DEFAULT NULL,
  `etat_civil` varchar(120) COLLATE utf8mb4_general_ci DEFAULT NULL,
  PRIMARY KEY (`idfiche`),
  UNIQUE KEY `idPatient` (`idpatient`),
  UNIQUE KEY `uq_dossier_patient` (`idpatient`),
  KEY `fk_dossier_personnel` (`idpersonnel`)
) ENGINE=InnoDB DEFAULT CHARSET=utf8mb4 COLLATE=utf8mb4_general_ci;

-- --------------------------------------------------------

--
-- Structure de la table `patient`
--

DROP TABLE IF EXISTS `patient`;
CREATE TABLE IF NOT EXISTS `patient` (
  `id_patient` int NOT NULL AUTO_INCREMENT,
  `nom` varchar(100) COLLATE utf8mb4_general_ci NOT NULL,
  `prenom` varchar(100) COLLATE utf8mb4_general_ci NOT NULL,
  `telephone` varchar(30) COLLATE utf8mb4_general_ci DEFAULT NULL,
  `email` varchar(255) COLLATE utf8mb4_general_ci DEFAULT NULL,
  PRIMARY KEY (`id_patient`)
) ENGINE=InnoDB AUTO_INCREMENT=126 DEFAULT CHARSET=utf8mb4 COLLATE=utf8mb4_general_ci;

--
-- Déchargement des données de la table `patient`
--

INSERT INTO `patient` (`id_patient`, `nom`, `prenom`, `telephone`, `email`) VALUES
(1, 'Test', 'Patient', NULL, NULL),
(2, 'Test', 'User', '0600000000', NULL),
(3, 'Phone', 'Patient', '0612345678', NULL),
(4, 'Pwd', 'Patient', '0700000001', NULL),
(5, 'jean', 'dupont', '29292525', NULL),
(6, 'fekih', 'zak', '24960458', NULL),
(7, 'jean', 'dupont', '0655443322', NULL),
(8, 'Med', 'Staff', '0600000000', NULL),
(9, 'NomTestSave', 'PrenomTestSave', '0611111111', NULL),
(10, 'Dupont', 'Jean', '26482929', NULL),
(11, 'Docteur', 'Martin', NULL, NULL),
(12, 'TestPatient', 'Pat', '0700000000', NULL),
(13, 'Docteur', 'Martin', NULL, NULL),
(16, 'Test', 'User', '0600000000', NULL),
(17, 'Login', 'Check', '0600000001', NULL),
(18, 'fekih ', 'zakaria', '51065096', NULL),
(19, 'Testeur', 'Patient', '0123456789', NULL),
(20, 'fekih ', 'zak', '24960458', NULL),
(21, 'fekih', 'zakzouka', '51065096', NULL),
(22, 'Med', 'Staff', '0600000000', NULL),
(23, 'Docteur', 'Martin', NULL, NULL),
(24, 'dhaou', 'nahla', '29292525', NULL),
(25, 'dhaou', 'nadine', '24960458', NULL),
(26, 'Patient_Test_1776088219', 'Test', NULL, NULL),
(27, 'Patient_Test_1776088219_3', 'Test', NULL, NULL),
(28, 'TestSansEmail', 'Sans_Email', NULL, NULL),
(29, 'FormulaireFront', 'E2E_Test', NULL, NULL),
(30, 'FormulaireFront', 'E2E_Test', NULL, NULL),
(31, 'TestDiag', 'Diagnostic', '0612345678', NULL),
(32, 'TestDiag', 'Diagnostic', '0612345678', NULL),
(33, 'FinalTest', 'CompletFlow', '0612345678', NULL),
(34, 'jean', 'hedi', '23456123', NULL),
(35, 'FormulaireFront', 'E2E_Test', NULL, NULL),
(36, 'Check', 'Persist', NULL, NULL),
(37, 'FormulaireFront', 'E2E_Test', NULL, NULL),
(38, 'NewPat', 'Test', '0600000001', NULL),
(39, 'dhaou', 'nadine', '', NULL),
(40, 'dhaou', 'nadine', '12345678', NULL),
(41, 'eya', 'dhaou', '98765432', NULL),
(42, 'dhaou', 'nadine', '', NULL),
(43, 'dhaou', 'yasmine', '', NULL),
(44, 'dhaou', 'nadine', '', NULL),
(45, 'dhaou', 'nadine', '', NULL),
(46, 'dhaou', 'nadine', '24960458', NULL),
(47, 'UrgentTest', 'SansCin', '0600000000', NULL),
(48, 'dhaou', 'hanine', '56347234', NULL),
(49, 'dhaou', 'hanine', '32786456', NULL),
(50, 'dhaou', 'hanine', '23674985', NULL),
(51, 'Test', 'Urgent', '12345678', NULL),
(52, 'dhaou', 'nadine', '24968428', NULL),
(53, 'dhaou', 'nadine', '24968428', NULL),
(54, 'dhaou', 'nadine', '24968428', NULL),
(55, 'Fekih ahmed', 'Zakaria Ali', '51065096', NULL),
(56, 'yasmine', 'hanine', '24986522', NULL),
(57, 'dh', 'nad', '222222222', NULL),
(58, 'Fekih ahmed', 'Zakaria Ali', '51065096', NULL),
(59, 'yasmime', 'hanime', '51065096', NULL),
(60, 'yasmime', 'hanime', '51065096', NULL),
(61, 'yasmime', 'hanime', '51065096', NULL),
(62, 'yasmime', 'hanime', '51065096', NULL),
(63, 'yasmime', 'hanime', '51065096', NULL),
(64, 'yasmime', 'hanime', '51065096', NULL),
(65, 'Fekih ahmed', 'Zakaria Ali', '51065096', NULL),
(66, 'Fekih ahmed', 'Zakaria Ali', '51065096', NULL),
(67, 'Fekih ahmed', 'Zakaria Ali', '51065096', NULL),
(68, 'Fekih ahmed', 'Zakaria Ali', '51065096', NULL),
(69, 'katkouta', 'nadounaaaa', '235412367', NULL),
(70, 'Ben Salah', 'Amira', '+21635988000', NULL),
(71, 'Trabelsi', 'Karim', '+21662880483', NULL),
(72, 'Mansour', 'Leila', '+21687446522', NULL),
(73, 'Haddad', 'Youssef', '+21688695681', NULL),
(74, 'Gharbi', 'Sami', '+21633775684', NULL),
(75, 'Cherif', 'Nadia', '+21649968745', NULL),
(76, 'Bouazizi', 'Rim', '+21694700087', NULL),
(77, 'Jaziri', 'Walid', '+21676453983', NULL),
(78, 'Mabrouk', 'Safa', '+21696848884', NULL),
(79, 'Ayari', 'Mehdi', '+21693526008', NULL),
(80, 'Riahi', 'Imen', '+21685888073', NULL),
(81, 'Khlifi', 'Anis', '+21698721495', NULL),
(82, 'Zitouni', 'Salma', '+21679202768', NULL),
(83, 'Amri', 'Hichem', '+21652203407', NULL),
(84, 'Baccouche', 'Mouna', '+21620340220', NULL),
(85, 'Miled', 'Kamel', '+21630834547', NULL),
(86, 'Sassi', 'Fatma', '+21634862807', NULL),
(87, 'Touati', 'Ali', '+21658552728', NULL),
(88, 'Zouari', 'Asma', '+21633160265', NULL),
(89, 'Jemai', 'Nizar', '+21680351650', NULL),
(90, 'Oueslati', 'Sarra', '+21621542004', NULL),
(91, 'Tlili', 'Amine', '+21685805171', NULL),
(92, 'Ghannouchi', 'Yasmine', '+21662175656', NULL),
(93, 'Khemiri', 'Omar', '+21648215876', NULL),
(94, 'Bouhlel', 'Ines', '+21673313617', NULL),
(95, 'Ferchichi', 'Tarek', '+21653757517', NULL),
(96, 'Hamdi', 'Lina', '+21666661846', NULL),
(97, 'Nasri', 'Fares', '+21667866880', NULL),
(98, 'Slimani', 'Hela', '+21670512102', NULL),
(99, 'Dridi', 'Bilel', '+21688932553', NULL),
(100, 'katkouta', 'nadounaaaa', '51065096', NULL),
(101, 'saghrouna', 'nadounti', '24960458', NULL),
(102, 'dhaou', 'mme nahla', '29292525', NULL),
(103, 'fekih', 'khaoula', '29236411', 'zakariafekihahmed@gmail.com'),
(104, 'fk', 'rached', '22554411', 'zakariafekihahmed@gmail.com'),
(105, 'fk', 'shams', '88559966', 'zakariafekihahmed@gmail.com'),
(106, 'fkd', 'chahed', '88559966', 'zakariafekihahmed@gmail.com'),
(107, 'zak', 'chihhi', '29236411', 'zakariafekihahmed@gmail.com'),
(108, 'fkkkkk', 'khaoula', '44556622', 'zakariafekihahmed@gmail.com'),
(109, 'wwwww', 'kkkkk', '55667722', 'zakariafekihahmed@gmail.com'),
(110, 'wwww', 'yyyy', '88994411', 'zakzruzakfekih@gmail.com'),
(111, 'w', 'yew', '88994411', 'zakruzakfekih@gmail.com'),
(112, 'mendes', 'nounou', '77441155', 'zakruzakfekih@gmail.com'),
(113, 'mendes', 'nou', '77441155', 'zakruzakfekih@gmail.com'),
(114, 'zak', 'zikou', '55663344', 'zakariafekihahmed@gmail.com'),
(115, 'werd', 'rrrr', '55663344', 'zakariafekihahmed@gmail.com'),
(116, 'roruo', 'rara', '55663344', 'zakariafekihahmed@gmail.com'),
(117, 'Dhaou', 'yasmine', '55522331', 'nadine.dhaou321@gmail.com'),
(118, 'labidi', 'nahla', '55522331', 'nadine.dhaou321@gmail.com'),
(119, 'barhoumi', 'eya', '88556699', 'zakariafekihahmed@gmail.com'),
(120, 'dhaou', 'nadino', '55446633', 'clearfacetunisia@gmail.com'),
(121, 'dhaou', 'hedi', '22331144', 'clearfacetunisia@gmail.com'),
(122, 'hnn', 'zakou', '22114455', 'clearfacetunisia@gmail.com'),
(123, 'aaaa', 'kkkkk', '11554477', 'clearfacetunisia@gmail.com'),
(124, 'dhaou', 'hanine', '22114455', 'clearfacetunisia@gmail.com'),
(125, 'dhaouo', 'nadino', '22441155', NULL);

-- --------------------------------------------------------

--
-- Structure de la table `patient_document`
--

DROP TABLE IF EXISTS `patient_document`;
CREATE TABLE IF NOT EXISTS `patient_document` (
  `id` int NOT NULL AUTO_INCREMENT,
  `id_patient` int NOT NULL,
  `id_rdv` int DEFAULT NULL,
  `doc_type` varchar(64) COLLATE utf8mb4_general_ci NOT NULL,
  `title` varchar(255) COLLATE utf8mb4_general_ci NOT NULL,
  `content` mediumtext COLLATE utf8mb4_general_ci NOT NULL,
  `created_at` datetime NOT NULL DEFAULT CURRENT_TIMESTAMP,
  PRIMARY KEY (`id`),
  KEY `idx_doc_patient` (`id_patient`)
) ENGINE=InnoDB AUTO_INCREMENT=97 DEFAULT CHARSET=utf8mb4 COLLATE=utf8mb4_general_ci;

--
-- Déchargement des données de la table `patient_document`
--

INSERT INTO `patient_document` (`id`, `id_patient`, `id_rdv`, `doc_type`, `title`, `content`, `created_at`) VALUES
(1, 103, 776, 'prescription', 'Ordonnance médicale', 'ORDONNANCE MÉDICALE — OptiClinic\nPatient: khaoula fekih\nMédecin: Dr. Nadia Amri\nDate: 04/06/2026\n\n1. Paracétamol 500 mg — 1 comprimé toutes les 6 heures si douleur\n2. Repos et hydratation abondante\n3. Contrôle dans 7 jours si persistance des symptômes\n\nDr. Nadia Amri\nCabinet OptiClinic', '2026-06-03 00:41:18'),
(2, 103, 776, 'consultation_report', 'Compte-rendu de consultation', 'COMPTE-RENDU DE CONSULTATION — OptiClinic\nPatient: khaoula fekih\nMédecin: Dr. Nadia Amri\nDate: 04/06/2026\n\nMotif: Consultation de suivi\nExamen: Paramètres vitaux stables\nConclusion: Évolution favorable\nRecommandations: Poursuite du traitement prescrit\n\nDr. Nadia Amri', '2026-06-03 00:41:18'),
(3, 103, 776, 'blood_test', 'Résultat analyse de sang', 'RÉSULTAT ANALYSE SANG — OptiClinic\nPatient: khaoula fekih\nDate: 04/06/2026\n\nHémoglobine: 13.8 g/dL (N)\nLeucocytes: 6.2 10³/µL (N)\nPlaquettes: 245 10³/µL (N)\nGlycémie: 0.92 g/L (N)\n\nInterprétation: Bilan biologique dans les normes.\nDr. Nadia Amri', '2026-06-03 00:41:18'),
(4, 103, 776, 'medical_certificate', 'Certificat médical', 'CERTIFICAT MÉDICAL — OptiClinic\nJe soussigné(e) Dr. Nadia Amri, certifie avoir examiné ce jour\nkhaoula fekih.\n\nÉtat de santé compatible avec une reprise d\'activité normale.\n\nFait à Tunis, le 04/06/2026.\nDr. Nadia Amri', '2026-06-03 00:41:18'),
(5, 104, 777, 'prescription', 'Ordonnance médicale', 'ORDONNANCE MÉDICALE — OptiClinic\nPatient: rached fk\nMédecin: Dr. Fatma Ben Ali\nDate: 04/06/2026\n\n1. Paracétamol 500 mg — 1 comprimé toutes les 6 heures si douleur\n2. Repos et hydratation abondante\n3. Contrôle dans 7 jours si persistance des symptômes\n\nDr. Fatma Ben Ali\nCabinet OptiClinic', '2026-06-03 04:00:14'),
(6, 104, 777, 'consultation_report', 'Compte-rendu de consultation', 'COMPTE-RENDU DE CONSULTATION — OptiClinic\nPatient: rached fk\nMédecin: Dr. Fatma Ben Ali\nDate: 04/06/2026\n\nMotif: Consultation de suivi\nExamen: Paramètres vitaux stables\nConclusion: Évolution favorable\nRecommandations: Poursuite du traitement prescrit\n\nDr. Fatma Ben Ali', '2026-06-03 04:00:14'),
(7, 104, 777, 'blood_test', 'Résultat analyse de sang', 'RÉSULTAT ANALYSE SANG — OptiClinic\nPatient: rached fk\nDate: 04/06/2026\n\nHémoglobine: 13.8 g/dL (N)\nLeucocytes: 6.2 10³/µL (N)\nPlaquettes: 245 10³/µL (N)\nGlycémie: 0.92 g/L (N)\n\nInterprétation: Bilan biologique dans les normes.\nDr. Fatma Ben Ali', '2026-06-03 04:00:14'),
(8, 104, 777, 'medical_certificate', 'Certificat médical', 'CERTIFICAT MÉDICAL — OptiClinic\nJe soussigné(e) Dr. Fatma Ben Ali, certifie avoir examiné ce jour\nrached fk.\n\nÉtat de santé compatible avec une reprise d\'activité normale.\n\nFait à Tunis, le 04/06/2026.\nDr. Fatma Ben Ali', '2026-06-03 04:00:14'),
(9, 105, 778, 'prescription', 'Ordonnance médicale', 'ORDONNANCE MÉDICALE — OptiClinic\nPatient: shams fk\nMédecin: Dr. Walid Trabelsi\nDate: 04/06/2026\n\n1. Paracétamol 500 mg — 1 comprimé toutes les 6 heures si douleur\n2. Repos et hydratation abondante\n3. Contrôle dans 7 jours si persistance des symptômes\n\nDr. Walid Trabelsi\nCabinet OptiClinic', '2026-06-03 04:33:09'),
(10, 105, 778, 'consultation_report', 'Compte-rendu de consultation', 'COMPTE-RENDU DE CONSULTATION — OptiClinic\nPatient: shams fk\nMédecin: Dr. Walid Trabelsi\nDate: 04/06/2026\n\nMotif: Consultation de suivi\nExamen: Paramètres vitaux stables\nConclusion: Évolution favorable\nRecommandations: Poursuite du traitement prescrit\n\nDr. Walid Trabelsi', '2026-06-03 04:33:09'),
(11, 105, 778, 'blood_test', 'Résultat analyse de sang', 'RÉSULTAT ANALYSE SANG — OptiClinic\nPatient: shams fk\nDate: 04/06/2026\n\nHémoglobine: 13.8 g/dL (N)\nLeucocytes: 6.2 10³/µL (N)\nPlaquettes: 245 10³/µL (N)\nGlycémie: 0.92 g/L (N)\n\nInterprétation: Bilan biologique dans les normes.\nDr. Walid Trabelsi', '2026-06-03 04:33:09'),
(12, 105, 778, 'medical_certificate', 'Certificat médical', 'CERTIFICAT MÉDICAL — OptiClinic\nJe soussigné(e) Dr. Walid Trabelsi, certifie avoir examiné ce jour\nshams fk.\n\nÉtat de santé compatible avec une reprise d\'activité normale.\n\nFait à Tunis, le 04/06/2026.\nDr. Walid Trabelsi', '2026-06-03 04:33:09'),
(13, 106, 779, 'prescription', 'Ordonnance médicale', 'ORDONNANCE MÉDICALE — OptiClinic\nPatient: chahed fkd\nMédecin: Dr. Mehdi Amri\nDate: 04/06/2026\n\n1. Paracétamol 500 mg — 1 comprimé toutes les 6 heures si douleur\n2. Repos et hydratation abondante\n3. Contrôle dans 7 jours si persistance des symptômes\n\nDr. Mehdi Amri\nCabinet OptiClinic', '2026-06-03 04:47:26'),
(14, 106, 779, 'consultation_report', 'Compte-rendu de consultation', 'COMPTE-RENDU DE CONSULTATION — OptiClinic\nPatient: chahed fkd\nMédecin: Dr. Mehdi Amri\nDate: 04/06/2026\n\nMotif: Consultation de suivi\nExamen: Paramètres vitaux stables\nConclusion: Évolution favorable\nRecommandations: Poursuite du traitement prescrit\n\nDr. Mehdi Amri', '2026-06-03 04:47:26'),
(15, 106, 779, 'blood_test', 'Résultat analyse de sang', 'RÉSULTAT ANALYSE SANG — OptiClinic\nPatient: chahed fkd\nDate: 04/06/2026\n\nHémoglobine: 13.8 g/dL (N)\nLeucocytes: 6.2 10³/µL (N)\nPlaquettes: 245 10³/µL (N)\nGlycémie: 0.92 g/L (N)\n\nInterprétation: Bilan biologique dans les normes.\nDr. Mehdi Amri', '2026-06-03 04:47:26'),
(16, 106, 779, 'medical_certificate', 'Certificat médical', 'CERTIFICAT MÉDICAL — OptiClinic\nJe soussigné(e) Dr. Mehdi Amri, certifie avoir examiné ce jour\nchahed fkd.\n\nÉtat de santé compatible avec une reprise d\'activité normale.\n\nFait à Tunis, le 04/06/2026.\nDr. Mehdi Amri', '2026-06-03 04:47:26'),
(17, 107, 780, 'prescription', 'Ordonnance médicale', 'ORDONNANCE MÉDICALE — OptiClinic\nPatient: chihhi zak\nMédecin: Dr. Mehdi Amri\nDate: 05/06/2026\n\n1. Paracétamol 500 mg — 1 comprimé toutes les 6 heures si douleur\n2. Repos et hydratation abondante\n3. Contrôle dans 7 jours si persistance des symptômes\n\nDr. Mehdi Amri\nCabinet OptiClinic', '2026-06-03 04:59:50'),
(18, 107, 780, 'consultation_report', 'Compte-rendu de consultation', 'COMPTE-RENDU DE CONSULTATION — OptiClinic\nPatient: chihhi zak\nMédecin: Dr. Mehdi Amri\nDate: 05/06/2026\n\nMotif: Consultation de suivi\nExamen: Paramètres vitaux stables\nConclusion: Évolution favorable\nRecommandations: Poursuite du traitement prescrit\n\nDr. Mehdi Amri', '2026-06-03 04:59:50'),
(19, 107, 780, 'blood_test', 'Résultat analyse de sang', 'RÉSULTAT ANALYSE SANG — OptiClinic\nPatient: chihhi zak\nDate: 05/06/2026\n\nHémoglobine: 13.8 g/dL (N)\nLeucocytes: 6.2 10³/µL (N)\nPlaquettes: 245 10³/µL (N)\nGlycémie: 0.92 g/L (N)\n\nInterprétation: Bilan biologique dans les normes.\nDr. Mehdi Amri', '2026-06-03 04:59:50'),
(20, 107, 780, 'medical_certificate', 'Certificat médical', 'CERTIFICAT MÉDICAL — OptiClinic\nJe soussigné(e) Dr. Mehdi Amri, certifie avoir examiné ce jour\nchihhi zak.\n\nÉtat de santé compatible avec une reprise d\'activité normale.\n\nFait à Tunis, le 05/06/2026.\nDr. Mehdi Amri', '2026-06-03 04:59:50'),
(21, 108, 781, 'prescription', 'Ordonnance médicale', 'ORDONNANCE MÉDICALE — OptiClinic\nPatient: khaoula fkkkkk\nMédecin: Dr. Mehdi Amri\nDate: 04/06/2026\n\n1. Paracétamol 500 mg — 1 comprimé toutes les 6 heures si douleur\n2. Repos et hydratation abondante\n3. Contrôle dans 7 jours si persistance des symptômes\n\nDr. Mehdi Amri\nCabinet OptiClinic', '2026-06-03 14:38:23'),
(22, 108, 781, 'consultation_report', 'Compte-rendu de consultation', 'COMPTE-RENDU DE CONSULTATION — OptiClinic\nPatient: khaoula fkkkkk\nMédecin: Dr. Mehdi Amri\nDate: 04/06/2026\n\nMotif: Consultation de suivi\nExamen: Paramètres vitaux stables\nConclusion: Évolution favorable\nRecommandations: Poursuite du traitement prescrit\n\nDr. Mehdi Amri', '2026-06-03 14:38:23'),
(23, 108, 781, 'blood_test', 'Résultat analyse de sang', 'RÉSULTAT ANALYSE SANG — OptiClinic\nPatient: khaoula fkkkkk\nDate: 04/06/2026\n\nHémoglobine: 13.8 g/dL (N)\nLeucocytes: 6.2 10³/µL (N)\nPlaquettes: 245 10³/µL (N)\nGlycémie: 0.92 g/L (N)\n\nInterprétation: Bilan biologique dans les normes.\nDr. Mehdi Amri', '2026-06-03 14:38:23'),
(24, 108, 781, 'medical_certificate', 'Certificat médical', 'CERTIFICAT MÉDICAL — OptiClinic\nJe soussigné(e) Dr. Mehdi Amri, certifie avoir examiné ce jour\nkhaoula fkkkkk.\n\nÉtat de santé compatible avec une reprise d\'activité normale.\n\nFait à Tunis, le 04/06/2026.\nDr. Mehdi Amri', '2026-06-03 14:38:23'),
(25, 109, 783, 'prescription', 'Ordonnance médicale', 'ORDONNANCE MÉDICALE — OptiClinic\nPatient: kkkkk wwwww\nMédecin: Dr. Mehdi Amri\nDate: 04/06/2026\n\n1. Paracétamol 500 mg — 1 comprimé toutes les 6 heures si douleur\n2. Repos et hydratation abondante\n3. Contrôle dans 7 jours si persistance des symptômes\n\nDr. Mehdi Amri\nCabinet OptiClinic', '2026-06-03 15:21:52'),
(26, 109, 783, 'consultation_report', 'Compte-rendu de consultation', 'COMPTE-RENDU DE CONSULTATION — OptiClinic\nPatient: kkkkk wwwww\nMédecin: Dr. Mehdi Amri\nDate: 04/06/2026\n\nMotif: Consultation de suivi\nExamen: Paramètres vitaux stables\nConclusion: Évolution favorable\nRecommandations: Poursuite du traitement prescrit\n\nDr. Mehdi Amri', '2026-06-03 15:21:52'),
(27, 109, 783, 'blood_test', 'Résultat analyse de sang', 'RÉSULTAT ANALYSE SANG — OptiClinic\nPatient: kkkkk wwwww\nDate: 04/06/2026\n\nHémoglobine: 13.8 g/dL (N)\nLeucocytes: 6.2 10³/µL (N)\nPlaquettes: 245 10³/µL (N)\nGlycémie: 0.92 g/L (N)\n\nInterprétation: Bilan biologique dans les normes.\nDr. Mehdi Amri', '2026-06-03 15:21:52'),
(28, 109, 783, 'medical_certificate', 'Certificat médical', 'CERTIFICAT MÉDICAL — OptiClinic\nJe soussigné(e) Dr. Mehdi Amri, certifie avoir examiné ce jour\nkkkkk wwwww.\n\nÉtat de santé compatible avec une reprise d\'activité normale.\n\nFait à Tunis, le 04/06/2026.\nDr. Mehdi Amri', '2026-06-03 15:21:52'),
(29, 110, 784, 'prescription', 'Ordonnance médicale', 'ORDONNANCE MÉDICALE — OptiClinic\nPatient: yyyy wwww\nMédecin: Dr. Mehdi Amri\nDate: 04/06/2026\n\n1. Paracétamol 500 mg — 1 comprimé toutes les 6 heures si douleur\n2. Repos et hydratation abondante\n3. Contrôle dans 7 jours si persistance des symptômes\n\nDr. Mehdi Amri\nCabinet OptiClinic', '2026-06-03 16:02:19'),
(30, 110, 784, 'consultation_report', 'Compte-rendu de consultation', 'COMPTE-RENDU DE CONSULTATION — OptiClinic\nPatient: yyyy wwww\nMédecin: Dr. Mehdi Amri\nDate: 04/06/2026\n\nMotif: Consultation de suivi\nExamen: Paramètres vitaux stables\nConclusion: Évolution favorable\nRecommandations: Poursuite du traitement prescrit\n\nDr. Mehdi Amri', '2026-06-03 16:02:19'),
(31, 110, 784, 'blood_test', 'Résultat analyse de sang', 'RÉSULTAT ANALYSE SANG — OptiClinic\nPatient: yyyy wwww\nDate: 04/06/2026\n\nHémoglobine: 13.8 g/dL (N)\nLeucocytes: 6.2 10³/µL (N)\nPlaquettes: 245 10³/µL (N)\nGlycémie: 0.92 g/L (N)\n\nInterprétation: Bilan biologique dans les normes.\nDr. Mehdi Amri', '2026-06-03 16:02:19'),
(32, 110, 784, 'medical_certificate', 'Certificat médical', 'CERTIFICAT MÉDICAL — OptiClinic\nJe soussigné(e) Dr. Mehdi Amri, certifie avoir examiné ce jour\nyyyy wwww.\n\nÉtat de santé compatible avec une reprise d\'activité normale.\n\nFait à Tunis, le 04/06/2026.\nDr. Mehdi Amri', '2026-06-03 16:02:19'),
(33, 111, 785, 'prescription', 'Ordonnance médicale', 'ORDONNANCE MÉDICALE — OptiClinic\nPatient: yew w\nMédecin: Dr. Mehdi Amri\nDate: 04/06/2026\n\n1. Paracétamol 500 mg — 1 comprimé toutes les 6 heures si douleur\n2. Repos et hydratation abondante\n3. Contrôle dans 7 jours si persistance des symptômes\n\nDr. Mehdi Amri\nCabinet OptiClinic', '2026-06-03 16:03:53'),
(34, 111, 785, 'consultation_report', 'Compte-rendu de consultation', 'COMPTE-RENDU DE CONSULTATION — OptiClinic\nPatient: yew w\nMédecin: Dr. Mehdi Amri\nDate: 04/06/2026\n\nMotif: Consultation de suivi\nExamen: Paramètres vitaux stables\nConclusion: Évolution favorable\nRecommandations: Poursuite du traitement prescrit\n\nDr. Mehdi Amri', '2026-06-03 16:03:53'),
(35, 111, 785, 'blood_test', 'Résultat analyse de sang', 'RÉSULTAT ANALYSE SANG — OptiClinic\nPatient: yew w\nDate: 04/06/2026\n\nHémoglobine: 13.8 g/dL (N)\nLeucocytes: 6.2 10³/µL (N)\nPlaquettes: 245 10³/µL (N)\nGlycémie: 0.92 g/L (N)\n\nInterprétation: Bilan biologique dans les normes.\nDr. Mehdi Amri', '2026-06-03 16:03:53'),
(36, 111, 785, 'medical_certificate', 'Certificat médical', 'CERTIFICAT MÉDICAL — OptiClinic\nJe soussigné(e) Dr. Mehdi Amri, certifie avoir examiné ce jour\nyew w.\n\nÉtat de santé compatible avec une reprise d\'activité normale.\n\nFait à Tunis, le 04/06/2026.\nDr. Mehdi Amri', '2026-06-03 16:03:53'),
(37, 112, 786, 'prescription', 'Ordonnance médicale', 'ORDONNANCE MÉDICALE — OptiClinic\nPatient: nounou mendes\nMédecin: Dr. Mehdi Amri\nDate: 04/06/2026\n\n1. Paracétamol 500 mg — 1 comprimé toutes les 6 heures si douleur\n2. Repos et hydratation abondante\n3. Contrôle dans 7 jours si persistance des symptômes\n\nDr. Mehdi Amri\nCabinet OptiClinic', '2026-06-03 16:37:57'),
(38, 112, 786, 'consultation_report', 'Compte-rendu de consultation', 'COMPTE-RENDU DE CONSULTATION — OptiClinic\nPatient: nounou mendes\nMédecin: Dr. Mehdi Amri\nDate: 04/06/2026\n\nMotif: Consultation de suivi\nExamen: Paramètres vitaux stables\nConclusion: Évolution favorable\nRecommandations: Poursuite du traitement prescrit\n\nDr. Mehdi Amri', '2026-06-03 16:37:57'),
(39, 112, 786, 'blood_test', 'Résultat analyse de sang', 'RÉSULTAT ANALYSE SANG — OptiClinic\nPatient: nounou mendes\nDate: 04/06/2026\n\nHémoglobine: 13.8 g/dL (N)\nLeucocytes: 6.2 10³/µL (N)\nPlaquettes: 245 10³/µL (N)\nGlycémie: 0.92 g/L (N)\n\nInterprétation: Bilan biologique dans les normes.\nDr. Mehdi Amri', '2026-06-03 16:37:57'),
(40, 112, 786, 'medical_certificate', 'Certificat médical', 'CERTIFICAT MÉDICAL — OptiClinic\nJe soussigné(e) Dr. Mehdi Amri, certifie avoir examiné ce jour\nnounou mendes.\n\nÉtat de santé compatible avec une reprise d\'activité normale.\n\nFait à Tunis, le 04/06/2026.\nDr. Mehdi Amri', '2026-06-03 16:37:57'),
(41, 113, 787, 'prescription', 'Ordonnance médicale', 'ORDONNANCE MÉDICALE — OptiClinic\nPatient: nou mendes\nMédecin: Dr. Mehdi Amri\nDate: 04/06/2026\n\n1. Paracétamol 500 mg — 1 comprimé toutes les 6 heures si douleur\n2. Repos et hydratation abondante\n3. Contrôle dans 7 jours si persistance des symptômes\n\nDr. Mehdi Amri\nCabinet OptiClinic', '2026-06-03 17:01:38'),
(42, 113, 787, 'consultation_report', 'Compte-rendu de consultation', 'COMPTE-RENDU DE CONSULTATION — OptiClinic\nPatient: nou mendes\nMédecin: Dr. Mehdi Amri\nDate: 04/06/2026\n\nMotif: Consultation de suivi\nExamen: Paramètres vitaux stables\nConclusion: Évolution favorable\nRecommandations: Poursuite du traitement prescrit\n\nDr. Mehdi Amri', '2026-06-03 17:01:38'),
(43, 113, 787, 'blood_test', 'Résultat analyse de sang', 'RÉSULTAT ANALYSE SANG — OptiClinic\nPatient: nou mendes\nDate: 04/06/2026\n\nHémoglobine: 13.8 g/dL (N)\nLeucocytes: 6.2 10³/µL (N)\nPlaquettes: 245 10³/µL (N)\nGlycémie: 0.92 g/L (N)\n\nInterprétation: Bilan biologique dans les normes.\nDr. Mehdi Amri', '2026-06-03 17:01:38'),
(44, 113, 787, 'medical_certificate', 'Certificat médical', 'CERTIFICAT MÉDICAL — OptiClinic\nJe soussigné(e) Dr. Mehdi Amri, certifie avoir examiné ce jour\nnou mendes.\n\nÉtat de santé compatible avec une reprise d\'activité normale.\n\nFait à Tunis, le 04/06/2026.\nDr. Mehdi Amri', '2026-06-03 17:01:38'),
(45, 114, 788, 'prescription', 'Ordonnance médicale', 'ORDONNANCE MÉDICALE — OptiClinic\nPatient: zikou zak\nMédecin: Dr. Meher Labidi\nDate: 04/06/2026\n\n1. Paracétamol 500 mg — 1 comprimé toutes les 6 heures si douleur\n2. Repos et hydratation abondante\n3. Contrôle dans 7 jours si persistance des symptômes\n\nDr. Meher Labidi\nCabinet OptiClinic', '2026-06-03 20:12:42'),
(46, 114, 788, 'consultation_report', 'Compte-rendu de consultation', 'COMPTE-RENDU DE CONSULTATION — OptiClinic\nPatient: zikou zak\nMédecin: Dr. Meher Labidi\nDate: 04/06/2026\n\nMotif: Consultation de suivi\nExamen: Paramètres vitaux stables\nConclusion: Évolution favorable\nRecommandations: Poursuite du traitement prescrit\n\nDr. Meher Labidi', '2026-06-03 20:12:42'),
(47, 114, 788, 'blood_test', 'Résultat analyse de sang', 'RÉSULTAT ANALYSE SANG — OptiClinic\nPatient: zikou zak\nDate: 04/06/2026\n\nHémoglobine: 13.8 g/dL (N)\nLeucocytes: 6.2 10³/µL (N)\nPlaquettes: 245 10³/µL (N)\nGlycémie: 0.92 g/L (N)\n\nInterprétation: Bilan biologique dans les normes.\nDr. Meher Labidi', '2026-06-03 20:12:42'),
(48, 114, 788, 'medical_certificate', 'Certificat médical', 'CERTIFICAT MÉDICAL — OptiClinic\nJe soussigné(e) Dr. Meher Labidi, certifie avoir examiné ce jour\nzikou zak.\n\nÉtat de santé compatible avec une reprise d\'activité normale.\n\nFait à Tunis, le 04/06/2026.\nDr. Meher Labidi', '2026-06-03 20:12:42'),
(49, 115, 789, 'prescription', 'Ordonnance médicale', 'ORDONNANCE MÉDICALE — OptiClinic\nPatient: rrrr werd\nMédecin: Dr. Mehdi Amri\nDate: 05/06/2026\n\n1. Paracétamol 500 mg — 1 comprimé toutes les 6 heures si douleur\n2. Repos et hydratation abondante\n3. Contrôle dans 7 jours si persistance des symptômes\n\nDr. Mehdi Amri\nCabinet OptiClinic', '2026-06-04 00:04:14'),
(50, 115, 789, 'consultation_report', 'Compte-rendu de consultation', 'COMPTE-RENDU DE CONSULTATION — OptiClinic\nPatient: rrrr werd\nMédecin: Dr. Mehdi Amri\nDate: 05/06/2026\n\nMotif: Consultation de suivi\nExamen: Paramètres vitaux stables\nConclusion: Évolution favorable\nRecommandations: Poursuite du traitement prescrit\n\nDr. Mehdi Amri', '2026-06-04 00:04:14'),
(51, 115, 789, 'blood_test', 'Résultat analyse de sang', 'RÉSULTAT ANALYSE SANG — OptiClinic\nPatient: rrrr werd\nDate: 05/06/2026\n\nHémoglobine: 13.8 g/dL (N)\nLeucocytes: 6.2 10³/µL (N)\nPlaquettes: 245 10³/µL (N)\nGlycémie: 0.92 g/L (N)\n\nInterprétation: Bilan biologique dans les normes.\nDr. Mehdi Amri', '2026-06-04 00:04:14'),
(52, 115, 789, 'medical_certificate', 'Certificat médical', 'CERTIFICAT MÉDICAL — OptiClinic\nJe soussigné(e) Dr. Mehdi Amri, certifie avoir examiné ce jour\nrrrr werd.\n\nÉtat de santé compatible avec une reprise d\'activité normale.\n\nFait à Tunis, le 05/06/2026.\nDr. Mehdi Amri', '2026-06-04 00:04:14'),
(53, 116, 790, 'prescription', 'Ordonnance médicale', 'ORDONNANCE MÉDICALE — OptiClinic\nPatient: rara roruo\nMédecin: Dr. Mehdi Amri\nDate: 05/06/2026\n\n1. Paracétamol 500 mg — 1 comprimé toutes les 6 heures si douleur\n2. Repos et hydratation abondante\n3. Contrôle dans 7 jours si persistance des symptômes\n\nDr. Mehdi Amri\nCabinet OptiClinic', '2026-06-04 00:12:37'),
(54, 116, 790, 'consultation_report', 'Compte-rendu de consultation', 'COMPTE-RENDU DE CONSULTATION — OptiClinic\nPatient: rara roruo\nMédecin: Dr. Mehdi Amri\nDate: 05/06/2026\n\nMotif: Consultation de suivi\nExamen: Paramètres vitaux stables\nConclusion: Évolution favorable\nRecommandations: Poursuite du traitement prescrit\n\nDr. Mehdi Amri', '2026-06-04 00:12:37'),
(55, 116, 790, 'blood_test', 'Résultat analyse de sang', 'RÉSULTAT ANALYSE SANG — OptiClinic\nPatient: rara roruo\nDate: 05/06/2026\n\nHémoglobine: 13.8 g/dL (N)\nLeucocytes: 6.2 10³/µL (N)\nPlaquettes: 245 10³/µL (N)\nGlycémie: 0.92 g/L (N)\n\nInterprétation: Bilan biologique dans les normes.\nDr. Mehdi Amri', '2026-06-04 00:12:37'),
(56, 116, 790, 'medical_certificate', 'Certificat médical', 'CERTIFICAT MÉDICAL — OptiClinic\nJe soussigné(e) Dr. Mehdi Amri, certifie avoir examiné ce jour\nrara roruo.\n\nÉtat de santé compatible avec une reprise d\'activité normale.\n\nFait à Tunis, le 05/06/2026.\nDr. Mehdi Amri', '2026-06-04 00:12:37'),
(57, 117, 791, 'prescription', 'Ordonnance médicale', 'ORDONNANCE MÉDICALE — OptiClinic\nPatient: yasmine Dhaou\nMédecin: Dr. Meher Labidi\nDate: 07/06/2026\n\n1. Paracétamol 500 mg — 1 comprimé toutes les 6 heures si douleur\n2. Repos et hydratation abondante\n3. Contrôle dans 7 jours si persistance des symptômes\n\nDr. Meher Labidi\nCabinet OptiClinic', '2026-06-04 12:34:16'),
(58, 117, 791, 'consultation_report', 'Compte-rendu de consultation', 'COMPTE-RENDU DE CONSULTATION — OptiClinic\nPatient: yasmine Dhaou\nMédecin: Dr. Meher Labidi\nDate: 07/06/2026\n\nMotif: Consultation de suivi\nExamen: Paramètres vitaux stables\nConclusion: Évolution favorable\nRecommandations: Poursuite du traitement prescrit\n\nDr. Meher Labidi', '2026-06-04 12:34:16'),
(59, 117, 791, 'blood_test', 'Résultat analyse de sang', 'RÉSULTAT ANALYSE SANG — OptiClinic\nPatient: yasmine Dhaou\nDate: 07/06/2026\n\nHémoglobine: 13.8 g/dL (N)\nLeucocytes: 6.2 10³/µL (N)\nPlaquettes: 245 10³/µL (N)\nGlycémie: 0.92 g/L (N)\n\nInterprétation: Bilan biologique dans les normes.\nDr. Meher Labidi', '2026-06-04 12:34:16'),
(60, 117, 791, 'medical_certificate', 'Certificat médical', 'CERTIFICAT MÉDICAL — OptiClinic\nJe soussigné(e) Dr. Meher Labidi, certifie avoir examiné ce jour\nyasmine Dhaou.\n\nÉtat de santé compatible avec une reprise d\'activité normale.\n\nFait à Tunis, le 07/06/2026.\nDr. Meher Labidi', '2026-06-04 12:34:16'),
(61, 117, 792, 'prescription', 'Ordonnance médicale', 'ORDONNANCE MÉDICALE — OptiClinic\nPatient: yasmine Dhaou\nMédecin: Dr. Meher Labidi\nDate: 06/06/2026\n\n1. Paracétamol 500 mg — 1 comprimé toutes les 6 heures si douleur\n2. Repos et hydratation abondante\n3. Contrôle dans 7 jours si persistance des symptômes\n\nDr. Meher Labidi\nCabinet OptiClinic', '2026-06-04 12:35:35'),
(62, 117, 792, 'consultation_report', 'Compte-rendu de consultation', 'COMPTE-RENDU DE CONSULTATION — OptiClinic\nPatient: yasmine Dhaou\nMédecin: Dr. Meher Labidi\nDate: 06/06/2026\n\nMotif: Consultation de suivi\nExamen: Paramètres vitaux stables\nConclusion: Évolution favorable\nRecommandations: Poursuite du traitement prescrit\n\nDr. Meher Labidi', '2026-06-04 12:35:35'),
(63, 117, 792, 'blood_test', 'Résultat analyse de sang', 'RÉSULTAT ANALYSE SANG — OptiClinic\nPatient: yasmine Dhaou\nDate: 06/06/2026\n\nHémoglobine: 13.8 g/dL (N)\nLeucocytes: 6.2 10³/µL (N)\nPlaquettes: 245 10³/µL (N)\nGlycémie: 0.92 g/L (N)\n\nInterprétation: Bilan biologique dans les normes.\nDr. Meher Labidi', '2026-06-04 12:35:35'),
(64, 117, 792, 'medical_certificate', 'Certificat médical', 'CERTIFICAT MÉDICAL — OptiClinic\nJe soussigné(e) Dr. Meher Labidi, certifie avoir examiné ce jour\nyasmine Dhaou.\n\nÉtat de santé compatible avec une reprise d\'activité normale.\n\nFait à Tunis, le 06/06/2026.\nDr. Meher Labidi', '2026-06-04 12:35:35'),
(65, 117, 793, 'prescription', 'Ordonnance médicale', 'ORDONNANCE MÉDICALE — OptiClinic\nPatient: yasmine Dhaou\nMédecin: Dr. Nadia Amri\nDate: 05/06/2026\n\n1. Paracétamol 500 mg — 1 comprimé toutes les 6 heures si douleur\n2. Repos et hydratation abondante\n3. Contrôle dans 7 jours si persistance des symptômes\n\nDr. Nadia Amri\nCabinet OptiClinic', '2026-06-04 12:37:06'),
(66, 117, 793, 'consultation_report', 'Compte-rendu de consultation', 'COMPTE-RENDU DE CONSULTATION — OptiClinic\nPatient: yasmine Dhaou\nMédecin: Dr. Nadia Amri\nDate: 05/06/2026\n\nMotif: Consultation de suivi\nExamen: Paramètres vitaux stables\nConclusion: Évolution favorable\nRecommandations: Poursuite du traitement prescrit\n\nDr. Nadia Amri', '2026-06-04 12:37:06'),
(67, 117, 793, 'blood_test', 'Résultat analyse de sang', 'RÉSULTAT ANALYSE SANG — OptiClinic\nPatient: yasmine Dhaou\nDate: 05/06/2026\n\nHémoglobine: 13.8 g/dL (N)\nLeucocytes: 6.2 10³/µL (N)\nPlaquettes: 245 10³/µL (N)\nGlycémie: 0.92 g/L (N)\n\nInterprétation: Bilan biologique dans les normes.\nDr. Nadia Amri', '2026-06-04 12:37:06'),
(68, 117, 793, 'medical_certificate', 'Certificat médical', 'CERTIFICAT MÉDICAL — OptiClinic\nJe soussigné(e) Dr. Nadia Amri, certifie avoir examiné ce jour\nyasmine Dhaou.\n\nÉtat de santé compatible avec une reprise d\'activité normale.\n\nFait à Tunis, le 05/06/2026.\nDr. Nadia Amri', '2026-06-04 12:37:06'),
(69, 118, 794, 'prescription', 'Ordonnance médicale', 'ORDONNANCE MÉDICALE — OptiClinic\nPatient: nahla labidi\nMédecin: Dr. Meher Labidi\nDate: 05/06/2026\n\n1. Paracétamol 500 mg — 1 comprimé toutes les 6 heures si douleur\n2. Repos et hydratation abondante\n3. Contrôle dans 7 jours si persistance des symptômes\n\nDr. Meher Labidi\nCabinet OptiClinic', '2026-06-04 12:53:55'),
(70, 118, 794, 'consultation_report', 'Compte-rendu de consultation', 'COMPTE-RENDU DE CONSULTATION — OptiClinic\nPatient: nahla labidi\nMédecin: Dr. Meher Labidi\nDate: 05/06/2026\n\nMotif: Consultation de suivi\nExamen: Paramètres vitaux stables\nConclusion: Évolution favorable\nRecommandations: Poursuite du traitement prescrit\n\nDr. Meher Labidi', '2026-06-04 12:53:55'),
(71, 118, 794, 'blood_test', 'Résultat analyse de sang', 'RÉSULTAT ANALYSE SANG — OptiClinic\nPatient: nahla labidi\nDate: 05/06/2026\n\nHémoglobine: 13.8 g/dL (N)\nLeucocytes: 6.2 10³/µL (N)\nPlaquettes: 245 10³/µL (N)\nGlycémie: 0.92 g/L (N)\n\nInterprétation: Bilan biologique dans les normes.\nDr. Meher Labidi', '2026-06-04 12:53:55'),
(72, 118, 794, 'medical_certificate', 'Certificat médical', 'CERTIFICAT MÉDICAL — OptiClinic\nJe soussigné(e) Dr. Meher Labidi, certifie avoir examiné ce jour\nnahla labidi.\n\nÉtat de santé compatible avec une reprise d\'activité normale.\n\nFait à Tunis, le 05/06/2026.\nDr. Meher Labidi', '2026-06-04 12:53:55'),
(73, 119, 796, 'prescription', 'Ordonnance médicale', 'ORDONNANCE MÉDICALE — OptiClinic\nPatient: eya barhoumi\nMédecin: Dr. Meher Labidi\nDate: 05/06/2026\n\n1. Paracétamol 500 mg — 1 comprimé toutes les 6 heures si douleur\n2. Repos et hydratation abondante\n3. Contrôle dans 7 jours si persistance des symptômes\n\nDr. Meher Labidi\nCabinet OptiClinic', '2026-06-04 15:27:45'),
(74, 119, 796, 'consultation_report', 'Compte-rendu de consultation', 'COMPTE-RENDU DE CONSULTATION — OptiClinic\nPatient: eya barhoumi\nMédecin: Dr. Meher Labidi\nDate: 05/06/2026\n\nMotif: Consultation de suivi\nExamen: Paramètres vitaux stables\nConclusion: Évolution favorable\nRecommandations: Poursuite du traitement prescrit\n\nDr. Meher Labidi', '2026-06-04 15:27:45'),
(75, 119, 796, 'blood_test', 'Résultat analyse de sang', 'RÉSULTAT ANALYSE SANG — OptiClinic\nPatient: eya barhoumi\nDate: 05/06/2026\n\nHémoglobine: 13.8 g/dL (N)\nLeucocytes: 6.2 10³/µL (N)\nPlaquettes: 245 10³/µL (N)\nGlycémie: 0.92 g/L (N)\n\nInterprétation: Bilan biologique dans les normes.\nDr. Meher Labidi', '2026-06-04 15:27:45'),
(76, 119, 796, 'medical_certificate', 'Certificat médical', 'CERTIFICAT MÉDICAL — OptiClinic\nJe soussigné(e) Dr. Meher Labidi, certifie avoir examiné ce jour\neya barhoumi.\n\nÉtat de santé compatible avec une reprise d\'activité normale.\n\nFait à Tunis, le 05/06/2026.\nDr. Meher Labidi', '2026-06-04 15:27:45'),
(77, 120, 797, 'prescription', 'Ordonnance médicale', 'ORDONNANCE MÉDICALE — OptiClinic\nPatient: nadino dhaou\nMédecin: Dr. Meher Labidi\nDate: 08/06/2026\n\n1. Paracétamol 500 mg — 1 comprimé toutes les 6 heures si douleur\n2. Repos et hydratation abondante\n3. Contrôle dans 7 jours si persistance des symptômes\n\nDr. Meher Labidi\nCabinet OptiClinic', '2026-06-06 15:08:14'),
(78, 120, 797, 'consultation_report', 'Compte-rendu de consultation', 'COMPTE-RENDU DE CONSULTATION — OptiClinic\nPatient: nadino dhaou\nMédecin: Dr. Meher Labidi\nDate: 08/06/2026\n\nMotif: Consultation de suivi\nExamen: Paramètres vitaux stables\nConclusion: Évolution favorable\nRecommandations: Poursuite du traitement prescrit\n\nDr. Meher Labidi', '2026-06-06 15:08:14'),
(79, 120, 797, 'blood_test', 'Résultat analyse de sang', 'RÉSULTAT ANALYSE SANG — OptiClinic\nPatient: nadino dhaou\nDate: 08/06/2026\n\nHémoglobine: 13.8 g/dL (N)\nLeucocytes: 6.2 10³/µL (N)\nPlaquettes: 245 10³/µL (N)\nGlycémie: 0.92 g/L (N)\n\nInterprétation: Bilan biologique dans les normes.\nDr. Meher Labidi', '2026-06-06 15:08:14'),
(80, 120, 797, 'medical_certificate', 'Certificat médical', 'CERTIFICAT MÉDICAL — OptiClinic\nJe soussigné(e) Dr. Meher Labidi, certifie avoir examiné ce jour\nnadino dhaou.\n\nÉtat de santé compatible avec une reprise d\'activité normale.\n\nFait à Tunis, le 08/06/2026.\nDr. Meher Labidi', '2026-06-06 15:08:14'),
(81, 121, 798, 'prescription', 'Ordonnance médicale', 'ORDONNANCE MÉDICALE — OptiClinic\nPatient: hedi dhaou\nMédecin: Dr. Meher Labidi\nDate: 08/06/2026\n\n1. Paracétamol 500 mg — 1 comprimé toutes les 6 heures si douleur\n2. Repos et hydratation abondante\n3. Contrôle dans 7 jours si persistance des symptômes\n\nDr. Meher Labidi\nCabinet OptiClinic', '2026-06-06 15:14:25'),
(82, 121, 798, 'consultation_report', 'Compte-rendu de consultation', 'COMPTE-RENDU DE CONSULTATION — OptiClinic\nPatient: hedi dhaou\nMédecin: Dr. Meher Labidi\nDate: 08/06/2026\n\nMotif: Consultation de suivi\nExamen: Paramètres vitaux stables\nConclusion: Évolution favorable\nRecommandations: Poursuite du traitement prescrit\n\nDr. Meher Labidi', '2026-06-06 15:14:25'),
(83, 121, 798, 'blood_test', 'Résultat analyse de sang', 'RÉSULTAT ANALYSE SANG — OptiClinic\nPatient: hedi dhaou\nDate: 08/06/2026\n\nHémoglobine: 13.8 g/dL (N)\nLeucocytes: 6.2 10³/µL (N)\nPlaquettes: 245 10³/µL (N)\nGlycémie: 0.92 g/L (N)\n\nInterprétation: Bilan biologique dans les normes.\nDr. Meher Labidi', '2026-06-06 15:14:25'),
(84, 121, 798, 'medical_certificate', 'Certificat médical', 'CERTIFICAT MÉDICAL — OptiClinic\nJe soussigné(e) Dr. Meher Labidi, certifie avoir examiné ce jour\nhedi dhaou.\n\nÉtat de santé compatible avec une reprise d\'activité normale.\n\nFait à Tunis, le 08/06/2026.\nDr. Meher Labidi', '2026-06-06 15:14:25'),
(85, 122, 799, 'prescription', 'Ordonnance médicale', 'ORDONNANCE MÉDICALE — OptiClinic\nPatient: zakou hnn\nMédecin: Dr. Meher Labidi\nDate: 08/06/2026\n\n1. Paracétamol 500 mg — 1 comprimé toutes les 6 heures si douleur\n2. Repos et hydratation abondante\n3. Contrôle dans 7 jours si persistance des symptômes\n\nDr. Meher Labidi\nCabinet OptiClinic', '2026-06-06 15:27:38'),
(86, 122, 799, 'consultation_report', 'Compte-rendu de consultation', 'COMPTE-RENDU DE CONSULTATION — OptiClinic\nPatient: zakou hnn\nMédecin: Dr. Meher Labidi\nDate: 08/06/2026\n\nMotif: Consultation de suivi\nExamen: Paramètres vitaux stables\nConclusion: Évolution favorable\nRecommandations: Poursuite du traitement prescrit\n\nDr. Meher Labidi', '2026-06-06 15:27:38'),
(87, 122, 799, 'blood_test', 'Résultat analyse de sang', 'RÉSULTAT ANALYSE SANG — OptiClinic\nPatient: zakou hnn\nDate: 08/06/2026\n\nHémoglobine: 13.8 g/dL (N)\nLeucocytes: 6.2 10³/µL (N)\nPlaquettes: 245 10³/µL (N)\nGlycémie: 0.92 g/L (N)\n\nInterprétation: Bilan biologique dans les normes.\nDr. Meher Labidi', '2026-06-06 15:27:38'),
(88, 122, 799, 'medical_certificate', 'Certificat médical', 'CERTIFICAT MÉDICAL — OptiClinic\nJe soussigné(e) Dr. Meher Labidi, certifie avoir examiné ce jour\nzakou hnn.\n\nÉtat de santé compatible avec une reprise d\'activité normale.\n\nFait à Tunis, le 08/06/2026.\nDr. Meher Labidi', '2026-06-06 15:27:38'),
(89, 123, 800, 'prescription', 'Ordonnance médicale', 'ORDONNANCE MÉDICALE — OptiClinic\nPatient: kkkkk aaaa\nMédecin: Dr. Meher Labidi\nDate: 08/06/2026\n\n1. Paracétamol 500 mg — 1 comprimé toutes les 6 heures si douleur\n2. Repos et hydratation abondante\n3. Contrôle dans 7 jours si persistance des symptômes\n\nDr. Meher Labidi\nCabinet OptiClinic', '2026-06-06 15:37:10'),
(90, 123, 800, 'consultation_report', 'Compte-rendu de consultation', 'COMPTE-RENDU DE CONSULTATION — OptiClinic\nPatient: kkkkk aaaa\nMédecin: Dr. Meher Labidi\nDate: 08/06/2026\n\nMotif: Consultation de suivi\nExamen: Paramètres vitaux stables\nConclusion: Évolution favorable\nRecommandations: Poursuite du traitement prescrit\n\nDr. Meher Labidi', '2026-06-06 15:37:10'),
(91, 123, 800, 'blood_test', 'Résultat analyse de sang', 'RÉSULTAT ANALYSE SANG — OptiClinic\nPatient: kkkkk aaaa\nDate: 08/06/2026\n\nHémoglobine: 13.8 g/dL (N)\nLeucocytes: 6.2 10³/µL (N)\nPlaquettes: 245 10³/µL (N)\nGlycémie: 0.92 g/L (N)\n\nInterprétation: Bilan biologique dans les normes.\nDr. Meher Labidi', '2026-06-06 15:37:10'),
(92, 123, 800, 'medical_certificate', 'Certificat médical', 'CERTIFICAT MÉDICAL — OptiClinic\nJe soussigné(e) Dr. Meher Labidi, certifie avoir examiné ce jour\nkkkkk aaaa.\n\nÉtat de santé compatible avec une reprise d\'activité normale.\n\nFait à Tunis, le 08/06/2026.\nDr. Meher Labidi', '2026-06-06 15:37:10'),
(93, 124, 801, 'prescription', 'Ordonnance médicale', 'ORDONNANCE MÉDICALE — OptiClinic\nPatient: hanine dhaou\nMédecin: Dr. Meher Labidi\nDate: 09/06/2026\n\n1. Paracétamol 500 mg — 1 comprimé toutes les 6 heures si douleur\n2. Repos et hydratation abondante\n3. Contrôle dans 7 jours si persistance des symptômes\n\nDr. Meher Labidi\nCabinet OptiClinic', '2026-06-06 15:53:01'),
(94, 124, 801, 'consultation_report', 'Compte-rendu de consultation', 'COMPTE-RENDU DE CONSULTATION — OptiClinic\nPatient: hanine dhaou\nMédecin: Dr. Meher Labidi\nDate: 09/06/2026\n\nMotif: Consultation de suivi\nExamen: Paramètres vitaux stables\nConclusion: Évolution favorable\nRecommandations: Poursuite du traitement prescrit\n\nDr. Meher Labidi', '2026-06-06 15:53:01'),
(95, 124, 801, 'blood_test', 'Résultat analyse de sang', 'RÉSULTAT ANALYSE SANG — OptiClinic\nPatient: hanine dhaou\nDate: 09/06/2026\n\nHémoglobine: 13.8 g/dL (N)\nLeucocytes: 6.2 10³/µL (N)\nPlaquettes: 245 10³/µL (N)\nGlycémie: 0.92 g/L (N)\n\nInterprétation: Bilan biologique dans les normes.\nDr. Meher Labidi', '2026-06-06 15:53:01'),
(96, 124, 801, 'medical_certificate', 'Certificat médical', 'CERTIFICAT MÉDICAL — OptiClinic\nJe soussigné(e) Dr. Meher Labidi, certifie avoir examiné ce jour\nhanine dhaou.\n\nÉtat de santé compatible avec une reprise d\'activité normale.\n\nFait à Tunis, le 09/06/2026.\nDr. Meher Labidi', '2026-06-06 15:53:01');

-- --------------------------------------------------------

--
-- Structure de la table `patient_portal_token`
--

DROP TABLE IF EXISTS `patient_portal_token`;
CREATE TABLE IF NOT EXISTS `patient_portal_token` (
  `id` int NOT NULL AUTO_INCREMENT,
  `token` varchar(128) COLLATE utf8mb4_general_ci NOT NULL,
  `id_patient` int NOT NULL,
  `id_rdv` int DEFAULT NULL,
  `expires_at` datetime NOT NULL,
  `created_at` datetime NOT NULL DEFAULT CURRENT_TIMESTAMP,
  `is_active` tinyint(1) NOT NULL DEFAULT '1',
  PRIMARY KEY (`id`),
  UNIQUE KEY `uq_portal_token` (`token`),
  KEY `idx_portal_patient` (`id_patient`)
) ENGINE=InnoDB AUTO_INCREMENT=25 DEFAULT CHARSET=utf8mb4 COLLATE=utf8mb4_general_ci;

--
-- Déchargement des données de la table `patient_portal_token`
--

INSERT INTO `patient_portal_token` (`id`, `token`, `id_patient`, `id_rdv`, `expires_at`, `created_at`, `is_active`) VALUES
(1, '86evO5ZBOpgIfE5Tckp5WohuVVsE0OokEqTEiC1Ev_d9wrQBf4eh4vywwaZ4sEfL', 103, 776, '2026-08-31 23:41:19', '2026-06-03 00:41:18', 1),
(2, 'ERq0NnEt1lquSdAOFBCIzbGx4cgyD7htiK4T_1jDjRSyf3J3GjOdsOCtJnkuo2mk', 104, 777, '2026-09-01 03:00:14', '2026-06-03 04:00:14', 1),
(3, 'HjFQDsan6bcmqfcgaua8EDNcv5A9BOc5kCGjOnblzm8i3C_1-RQhuuJOYmuHaSnD', 105, 778, '2026-09-01 03:33:10', '2026-06-03 04:33:09', 1),
(4, '7ziANcr0NyFbkL4Z8jhc_5ctaWCehot7kpAKNOQJST5Hh_1vAgaZsnUsZD286x55', 106, 779, '2026-09-01 03:47:27', '2026-06-03 04:47:26', 1),
(5, 'dDMt8bA5Hbvhhql9SGDCFqlxhj4Emt3-F40LbPBJNkyZWJAHb58-DuIkoIvPyKcW', 107, 780, '2026-09-01 03:59:51', '2026-06-03 04:59:50', 1),
(6, 'nfTg2e0m3iP6ZSD6cPReAnPkk2FCiXQjKfI-sFTdfb1RHJIlUVwYvdYvaQHdT9IA', 108, 781, '2026-09-01 13:38:23', '2026-06-03 14:38:23', 1),
(7, 'hZoBQ6Clsah-cB7pGgtsuAKfX9PIwLYJlQf3gk6S_6wt4bVPKvPfKMP1AeoFv2yU', 109, 783, '2026-09-01 14:21:53', '2026-06-03 15:21:52', 1),
(8, 'DOpfJ0QyUu1KYIc3qtCHHbObFRhrL7dz_OhIOozlfa6RYkyQl23PMrmO8YMMiNkP', 110, 784, '2026-09-01 15:02:19', '2026-06-03 16:02:19', 1),
(9, 'wfFUDgyYRWK6y_shmGkF5s1qPUx1H4jRb-MC63dGqAI-AqBvWibwXRR-vWNiL_m0', 111, 785, '2026-09-01 15:03:53', '2026-06-03 16:03:53', 1),
(10, 'L1fUMm3UscHWCisN2nSJRLb3NaRWa56SrSlSqpPs_r6cG3ZpARwoN9pRFS2dySFw', 112, 786, '2026-09-01 15:37:58', '2026-06-03 16:37:57', 1),
(11, 'QeeprfWk6ibztpU05W7Dkjl7wHk4cXqALBX1WIHpLtHWr_CX5z5Q5QKHStq8YnUz', 113, 787, '2026-09-01 16:01:39', '2026-06-03 17:01:38', 1),
(12, 'MPgIpkSBwhKxL-Hi4_V-Ad7d84ZDMqkAv_fT9UszldRiqOyrrDXokia5PzJ-Hbgp', 114, 788, '2026-09-01 19:12:42', '2026-06-03 20:12:42', 1),
(13, 'cIE1JfzWAaiznrlt3B-ucFmEAA3sKzGpkAQyhaHuyORmruPj0b7NcqyvVMoaTSQv', 115, 789, '2026-09-01 23:04:15', '2026-06-04 00:04:14', 1),
(14, 'RDfCglplTfJWh9hSjyVc0Amjxb_WirvSpK0OnRL61kaw1xufWMz0KTo7sS2KYpq4', 116, 790, '2026-09-01 23:12:37', '2026-06-04 00:12:37', 1),
(15, 'VzthTjiTsJkoy9kIUnTK8C0y9i52RVBRfMNQvsiBr-e9ZfCKOqy8ibVjJoqIkP75', 117, 791, '2026-09-02 11:34:16', '2026-06-04 12:34:16', 0),
(16, '6PhYcZxu-cEEPKFd4gettiLIW8u3NWPPl8uXPSdLv-d3y-qSNgrQXyjos0IoBW7R', 117, 792, '2026-09-02 11:35:36', '2026-06-04 12:35:35', 0),
(17, 'NRN1zKK4HGFHCypOWp91jOZs6Bq_fNRZ8uzMQ5IZf2BQZfvgYK7Qr_2MtmwM1j_g', 117, 793, '2026-09-02 11:37:06', '2026-06-04 12:37:06', 1),
(18, 'CKb9mjOC0BFgk5qDOHGkhAvy6oU-BipDRx5Hk4-40zJO9BPi1pAPmXG6q_yOmzQ2', 118, 794, '2026-09-02 11:53:56', '2026-06-04 12:53:55', 1),
(19, 'HuiZ9Uq9tv7t3vhbk8ffs7C95x1pTjp4V-a4nADXaHp0NzVNTqgfzX4Ls_hS-eFZ', 119, 796, '2026-09-02 14:27:45', '2026-06-04 15:27:45', 1),
(20, 'IBXvKGUs_0_QnRDl4VGAHKfK4aiaGSzkAwA7pfbsUAkMnt-MW2R3_dxDhOEOsa3U', 120, 797, '2026-09-04 14:08:14', '2026-06-06 15:08:14', 1),
(21, 'I_mCYOZ3P77Oo6jINqEacxB9QU0OofupG5J1hbCo_E4Q6OQ3p_mFFuICUU0vN0br', 121, 798, '2026-09-04 14:14:25', '2026-06-06 15:14:25', 1),
(22, 'j8GMWagvFOPJDT0mcrac4ikO7UkzPlXMuMoqulHIIeyr8QRDNmvsEoRjQeGlKLoh', 122, 799, '2026-09-04 14:27:38', '2026-06-06 15:27:38', 1),
(23, '2YFa5NsPM5aYbPGweC_9E8_fyKzscC1XCsGa88JfBBmZiuUMkwjPHiH1GpCZ6khz', 123, 800, '2026-09-04 14:37:11', '2026-06-06 15:37:10', 1),
(24, '-I0oes-T7V4b3nV4Sty9Y3JCYtrRAq4s1ExqwYetEIVA4Pbl8vOK-50QsA-qsx-o', 124, 801, '2026-09-04 14:53:01', '2026-06-06 15:53:01', 1);

-- --------------------------------------------------------

--
-- Structure de la table `personnel_de_sante`
--

DROP TABLE IF EXISTS `personnel_de_sante`;
CREATE TABLE IF NOT EXISTS `personnel_de_sante` (
  `id_personnel` int NOT NULL AUTO_INCREMENT,
  `nom` varchar(100) COLLATE utf8mb4_unicode_ci NOT NULL,
  `prenom` varchar(100) COLLATE utf8mb4_unicode_ci NOT NULL,
  `specialite` varchar(120) COLLATE utf8mb4_unicode_ci DEFAULT NULL,
  `disponibilite` tinyint(1) NOT NULL DEFAULT '1',
  `region` varchar(120) COLLATE utf8mb4_unicode_ci DEFAULT NULL,
  `access_code` varchar(120) COLLATE utf8mb4_unicode_ci DEFAULT NULL,
  PRIMARY KEY (`id_personnel`),
  UNIQUE KEY `access_code` (`access_code`)
) ENGINE=InnoDB AUTO_INCREMENT=202 DEFAULT CHARSET=utf8mb4 COLLATE=utf8mb4_unicode_ci;

--
-- Déchargement des données de la table `personnel_de_sante`
--

INSERT INTO `personnel_de_sante` (`id_personnel`, `nom`, `prenom`, `specialite`, `disponibilite`, `region`, `access_code`) VALUES
(1, 'Labidi', 'Meher', 'Pediatre', 1, 'Ariana Ville', '5AZUY6'),
(2, 'Ben Ali', 'Ali', 'Cardiologie', 1, 'Kasserine', 'JI3WPE'),
(3, 'Zitouni', 'Ali', 'Cardiologie', 1, 'El Hamma', 'MDJC1Z'),
(4, 'Ben Ali', 'Nadia', 'Dentaire', 1, 'Kerkennah', 'UCQZOT'),
(5, 'Ayari', 'Amira', 'M??decine g??n??rale', 1, 'Manouba', 'YHZ5L7'),
(6, 'Cherif', 'Amira', 'Dentaire', 1, 'Sousse (Ryadh/Jawhara)', 'XGS1UW'),
(7, 'Tlili', 'Mehdi', 'Dermatologie', 1, 'Carthage', '6PS1J6'),
(8, 'Zitouni', 'Anis', 'Cardiologie', 1, 'Djerba', 'F6Z6FZ'),
(9, 'Zouari', 'Nadia', 'Cardiologie', 1, 'Carthage', '24GK54'),
(10, 'Ayari', 'Kamel', 'Psychiatrie', 1, 'Cit?? Attadhamon', 'RZAZNM'),
(11, 'Ben Ali', 'Youssef', 'Dermatologie', 1, 'Hammam Lif', 'JG4MBD'),
(12, 'Trabelsi', 'Amine', 'Neurologie', 1, 'B??ja', 'F5PNQG'),
(13, 'Baccouche', 'Ali', 'Psychiatrie', 1, 'El Hamma', 'ZRTET6'),
(14, 'Ben Ali', 'Anis', 'Ophtalmologie', 1, 'Sousse (Ryadh/Jawhara)', 'ZRQEHF'),
(15, 'Miled', 'Mouna', 'P??diatrie', 1, 'Gab??s', '37XW1E'),
(16, 'Zouari', 'Imen', 'Dentaire', 1, 'B??ja', 'TRN6DS'),
(17, 'Ayari', 'Ahmed', 'Neurologie', 1, 'Gafsa', '3HD8VG'),
(18, 'Khemiri', 'Imen', 'Dentaire', 1, 'Ksar Helal', 'QMBNDI'),
(19, 'Oueslati', 'Rim', 'Orthop??die', 1, 'Djerba', 'CQDRQA'),
(20, 'Baccouche', 'Asma', 'Neurologie', 1, 'Msaken', '3F883F'),
(21, 'Miled', 'Mohamed', 'Dermatologie', 1, 'Haffouz', 'ZBM0FE'),
(22, 'Ben Ammar', 'Mouna', 'Ophtalmologie', 1, 'Manouba', '9CF5PJ'),
(23, 'Ayari', 'Amira', 'Dentaire', 1, 'Monastir', 'G0DD8V'),
(24, 'Ben Ammar', 'Kamel', 'Psychiatrie', 1, 'Enfidha', 'QMLAXA'),
(25, 'Touati', 'Anis', 'Gyn??cologie', 1, 'Bardo', 'FGPWGQ'),
(26, 'Jaziri', 'Safa', 'Cardiologie', 1, 'El Hamma', 'MX42BV'),
(27, 'Jemai', 'Le??la', 'M??decine g??n??rale', 1, 'Gafsa', 'JW82KF'),
(28, 'Riahi', 'Mehdi', 'Neurologie', 1, 'Mahr??s', 'VL3GL2'),
(29, 'Miled', 'Kamel', 'M??decine g??n??rale', 1, 'Ain Drahem', 'OJ1N8V'),
(30, 'Haddad', 'Mouna', 'P??diatrie', 1, 'Mahr??s', 'XRAF3O'),
(31, 'Baccouche', 'Walid', 'Dermatologie', 1, 'Mahr??s', 'E84HDP'),
(32, 'Amri', 'Nadia', 'Psychiatrie', 1, 'La Marsa', 'IQWUZW'),
(33, 'Trabelsi', 'Karim', 'Psychiatrie', 1, 'Tebourba', 'TQZQZ4'),
(34, 'Trabelsi', 'Ali', 'Gyn??cologie', 1, 'Siliana', 'BWS074'),
(35, 'Mansour', 'Sarra', 'Neurologie', 1, 'Carthage', '48OL28'),
(36, 'Gharbi', 'Yasmine', 'Cardiologie', 1, 'Sakiet Ezzit', 'RP6CDV'),
(37, 'Riahi', 'Hichem', 'Cardiologie', 1, 'Raoued', 'Q0BVA0'),
(38, 'Zitouni', 'Ahmed', 'Dentaire', 1, 'Enfidha', 'ZDT54T'),
(39, 'Ben Ammar', 'Rim', 'Neurologie', 1, 'Bardo', 'VUIWR5'),
(40, 'Ayari', 'Ali', 'Psychiatrie', 1, 'La Marsa', 'VH9PYU'),
(41, 'Khemiri', 'Rim', 'Gyn??cologie', 1, 'Moknine', 'UY8XME'),
(42, 'Riahi', 'Ahmed', 'Dermatologie', 1, 'Djerba', 'KI9MSW'),
(43, 'Zitouni', 'Youssef', 'Dermatologie', 1, 'Msaken', 'N0QMAS'),
(44, 'Oueslati', 'Mehdi', 'Cardiologie', 1, 'Gab??s', 'E205Z7'),
(45, 'Jemai', 'Mohamed', 'Dentaire', 1, 'Enfidha', 'N5U3BQ'),
(46, 'Sassi', 'Amine', 'Dermatologie', 1, 'M??tlaoui', '2HHQ4H'),
(47, 'Jemai', 'Anis', 'Ophtalmologie', 1, 'Kasserine', '7V8B3D'),
(48, 'Khlifi', 'Le??la', 'Dermatologie', 1, 'Mahr??s', 'XW0YBA'),
(49, 'Ayari', 'Asma', 'Cardiologie', 1, 'Ain Drahem', '4U6YY1'),
(50, 'Bouazizi', 'Safa', 'Neurologie', 1, 'Ksar Helal', 'KOY5F9'),
(51, 'Ben Ali', 'Kamel', 'Dermatologie', 1, 'Eljem', '5ANRPN'),
(52, 'Oueslati', 'Ahmed', 'Gyn??cologie', 1, 'Mahdia', 'ARZYK1'),
(53, 'Ghannouchi', 'Kamel', 'Psychiatrie', 1, 'Zaghouan', 'ZDIOEG'),
(54, 'Zitouni', 'Anis', 'M??decine g??n??rale', 1, 'Manouba', 'LMZUYS'),
(55, 'Miled', 'Amira', 'Dentaire', 1, 'Sakiet Ezzit', 'R0IU6E'),
(56, 'Sassi', 'Karim', 'Gyn??cologie', 1, 'Sakiet Ezzit', 'AF51XD'),
(57, 'Gharbi', 'Rim', 'Gyn??cologie', 1, 'Hammamet', 'MWZDTS'),
(58, 'Touati', 'Amira', 'Cardiologie', 1, 'Menzel Bourguiba', '2CBEZ1'),
(59, 'Miled', 'Mehdi', 'P??diatrie', 1, 'Djerba', 'X96TWL'),
(60, 'Ayari', 'Ali', 'Neurologie', 1, 'La Marsa', '44K4BK'),
(61, 'Miled', 'Youssef', 'P??diatrie', 1, 'Sakiet Ezzit', 'FNO0GX'),
(62, 'Jaziri', 'Anis', 'M??decine g??n??rale', 1, 'Tebourba', 'YKJ7V8'),
(63, 'Mansour', 'Safa', 'P??diatrie', 1, 'Raoued', '6TRTR2'),
(64, 'Zouari', 'Amira', 'Cardiologie', 1, 'Sousse (Ryadh/Jawhara)', '826NGA'),
(65, 'Sassi', 'Rim', 'Dermatologie', 1, 'Tozeur', '1ZXVT3'),
(66, 'Sassi', 'Karim', 'Psychiatrie', 1, 'Sfax (Ville/Ouest/Sud)', 'VSLDH3'),
(67, 'Ghannouchi', 'Nadia', 'M??decine g??n??rale', 1, 'Bizerte Nord', '2ZOPRU'),
(68, 'Tlili', 'Safa', 'Psychiatrie', 1, 'Sousse (Ryadh/Jawhara)', '239X3M'),
(69, 'Khlifi', 'Mehdi', 'Dentaire', 1, 'Tozeur', '5GEYKZ'),
(70, 'Cherif', 'Yasmine', 'M??decine g??n??rale', 1, 'Gafsa', '91QIBH'),
(71, 'Zouari', 'Yasmine', 'Psychiatrie', 1, 'Sousse (Ryadh/Jawhara)', 'Z0Z3FP'),
(72, 'Tlili', 'Safa', 'Cardiologie', 1, 'Makther', 'V7NJO1'),
(73, 'Ben Ali', 'Le??la', 'Psychiatrie', 1, 'Msaken', 'GEF6PL'),
(74, 'Oueslati', 'Sarra', 'Gyn??cologie', 1, 'Hammam Sousse', 'SQ45RT'),
(75, 'Jaziri', 'Anis', 'Psychiatrie', 1, 'Sousse (Ryadh/Jawhara)', '225YRN'),
(76, 'Khemiri', 'Nizar', 'Dermatologie', 1, 'Enfidha', 'P5JKN9'),
(77, 'Ben Ali', 'Sarra', 'Neurologie', 1, 'Sakiet Ezzit', 'OC1GKY'),
(78, 'Mansour', 'Walid', 'Dentaire', 1, 'Enfidha', 'C52UR4'),
(79, 'Riahi', 'Youssef', 'Ophtalmologie', 1, 'Rad??s', 'UUD4R6'),
(80, 'Mansour', 'Asma', 'Orthop??die', 1, 'Fahs', '9D4X94'),
(81, 'Ben Ali', 'Nadia', 'M??decine g??n??rale', 1, 'Testour', 'JG67OJ'),
(82, 'Khlifi', 'Amine', 'Cardiologie', 1, 'Eljem', 'QN0O4G'),
(83, 'Touati', 'Anis', 'Gyn??cologie', 1, 'Kelibia', 'INCH7E'),
(84, 'Jemai', 'Fatma', 'Ophtalmologie', 1, 'El Hamma', 'RALGL6'),
(85, 'Amri', 'Safa', 'Orthop??die', 1, 'Hammam Sousse', 'HQ99G9'),
(86, 'Mabrouk', 'Hichem', 'Psychiatrie', 1, 'Sakiet Ezzit', 'PQT66C'),
(87, 'Touati', 'Ali', 'Gyn??cologie', 1, 'Tataouine', 'FY4VYD'),
(88, 'Ben Ali', 'Walid', 'Cardiologie', 1, 'Bardo', 'GJQ00L'),
(89, 'Zitouni', 'Salma', 'Psychiatrie', 1, 'Haffouz', 'PWE7O5'),
(90, 'Cherif', 'Mouna', 'Dentaire', 1, 'La Marsa', '3WOGW6'),
(91, 'Baccouche', 'Rim', 'Dermatologie', 1, 'Fahs', 'UXFC0I'),
(92, 'Riahi', 'Mehdi', 'Orthop??die', 1, 'Zarzis', '7SRWZ1'),
(93, 'Ben Ali', 'Fatma', 'Dentaire', 1, 'Gafsa', 'K9K27F'),
(94, 'Zouari', 'Anis', 'Ophtalmologie', 1, 'Kairouan', 'TBKX9Y'),
(95, 'Touati', 'Ahmed', 'Gyn??cologie', 1, 'Haffouz', 'F7O9IG'),
(96, 'Khlifi', 'Mehdi', 'Cardiologie', 1, 'Zarzis', 'GFIYP4'),
(97, 'Mansour', 'Amine', 'Dermatologie', 1, 'Moknine', 'VV640M'),
(98, 'Riahi', 'Sarra', 'M??decine g??n??rale', 1, 'Jendouba', '7VBLUB'),
(99, 'Trabelsi', 'Mouna', 'Dermatologie', 1, 'Tebourba', '6J84JR'),
(100, 'Ben Ali', 'Ali', 'Dentaire', 1, 'Manouba', 'SMO4WG'),
(101, 'Khemiri', 'Kamel', 'Dentaire', 1, 'El Hamma', 'OK30TV'),
(102, 'Jaziri', 'Amine', 'Psychiatrie', 1, 'Zarzis', 'VKTZ8G'),
(103, 'Amri', 'Mehdi', 'Ophtalmologie', 1, 'Agareb', 'JTSQL1'),
(104, 'Ben Ammar', 'Sami', 'Psychiatrie', 1, 'Tabarka', 'W24UE5'),
(105, 'Sassi', 'Rim', 'Ophtalmologie', 1, 'Thala', '6X06FE'),
(106, 'Jaziri', 'Asma', 'Cardiologie', 1, 'Ain Drahem', 'Y9SIKU'),
(107, 'Khlifi', 'Sarra', 'Psychiatrie', 1, 'Rad??s', 'I6S8VX'),
(108, 'Ben Ali', 'Safa', 'Neurologie', 1, 'Regueb', 'H4RENY'),
(109, 'Jemai', 'Sarra', 'Dentaire', 1, 'Hammam Sousse', 'G9VQX2'),
(110, 'Cherif', 'Mouna', 'Dermatologie', 1, 'Tebourba', 'OJZFQZ'),
(111, 'Jaziri', 'Mehdi', 'M??decine g??n??rale', 1, 'Kelibia', 'E9N9DV'),
(112, 'Jaziri', 'Youssef', 'Neurologie', 1, 'Tozeur', 'CBQ4TN'),
(113, 'Trabelsi', 'Ahmed', 'Neurologie', 1, 'Kef', 'V6CIH3'),
(114, 'Ayari', 'Rim', 'M??decine g??n??rale', 1, 'La Marsa', '5JH39H'),
(115, 'Mabrouk', 'Kamel', 'Neurologie', 1, 'Makther', 'X3X5HR'),
(116, 'Haddad', 'Walid', 'Ophtalmologie', 1, 'Rad??s', 'G9QW6R'),
(117, 'Haddad', 'Salma', 'Gyn??cologie', 1, 'Nabeul', 'RG6TCH'),
(118, 'Miled', 'Ahmed', 'Gyn??cologie', 1, 'Sbitla', '3EB01O'),
(119, 'Cherif', 'Fatma', 'P??diatrie', 1, 'Moknine', 'E0R3JS'),
(120, 'Mabrouk', 'Asma', 'Neurologie', 1, 'Monastir', 'X5FG3E'),
(121, 'Sassi', 'Nizar', 'Neurologie', 1, 'Soukra', '5D6Q32'),
(122, 'Baccouche', 'Mohamed', 'Ophtalmologie', 1, 'Hammam Lif', 'LU98PW'),
(123, 'Baccouche', 'Kamel', 'Cardiologie', 1, 'Hammam Lif', 'NQJBM6'),
(124, 'Gharbi', 'Fatma', 'Gyn??cologie', 1, 'Kerkennah', '2A5UE8'),
(125, 'Zouari', 'Ahmed', 'Psychiatrie', 1, 'Agareb', '7MHH71'),
(126, 'Riahi', 'Amine', 'Gyn??cologie', 1, 'Nabeul', '2GBUQ0'),
(127, 'Khlifi', 'Mohamed', 'Cardiologie', 1, 'Sakiet Ezzit', 'YR5PUY'),
(128, 'Khemiri', 'Sami', 'Orthop??die', 1, 'Dahmani', 'OV6RSE'),
(129, 'Ayari', 'Kamel', 'Cardiologie', 1, 'Kasserine', 'VACW9N'),
(130, 'Oueslati', 'Nizar', 'Neurologie', 1, 'Oued Ellil', 'KAZITU'),
(131, 'Zitouni', 'Karim', 'Psychiatrie', 1, 'Hammam Lif', 'V5NWYL'),
(132, 'Trabelsi', 'Walid', 'Cardiologie', 1, 'Sousse (Ryadh/Jawhara)', 'N3403O'),
(133, 'Ben Ali', 'Sami', 'Dermatologie', 1, 'Hammamet', 'P5WU5Y'),
(134, 'Amri', 'Sarra', 'P??diatrie', 1, 'Dahmani', '461VAV'),
(135, 'Khlifi', 'Mohamed', 'M??decine g??n??rale', 1, 'Mornag', 'MJB1DB'),
(136, 'Gharbi', 'Fatma', 'Cardiologie', 1, 'Hammam Lif', '3TOAMY'),
(137, 'Oueslati', 'Mohamed', 'Gyn??cologie', 1, 'Mahdia', 'GBXCK1'),
(138, 'Jaziri', 'Mehdi', 'P??diatrie', 1, 'Sbitla', 'FC76CZ'),
(139, 'Zitouni', 'Amira', 'Dermatologie', 1, 'Raoued', 'E2QY0O'),
(140, 'Oueslati', 'Ahmed', 'Ophtalmologie', 1, 'Fahs', 'MGPX8I'),
(141, 'Oueslati', 'Nadia', 'Gyn??cologie', 1, 'Sbitla', '90DI7U'),
(142, 'Mabrouk', 'Mohamed', 'M??decine g??n??rale', 1, 'Kerkennah', 'HEA207'),
(143, 'Ben Ammar', 'Sami', 'P??diatrie', 1, 'Ras Jebel', 'Z269O9'),
(144, 'Mabrouk', 'Karim', 'Dentaire', 1, 'Sbitla', 'XTRRQH'),
(145, 'Trabelsi', 'Yasmine', 'Dentaire', 1, 'Bizerte Nord', 'CXBPNN'),
(146, 'Zitouni', 'Rim', 'Gyn??cologie', 1, 'Msaken', '4MS8OA'),
(147, 'Jemai', 'Karim', 'Neurologie', 1, 'Djerba', 'NJW2MU'),
(148, 'Ben Ali', 'Yasmine', 'Ophtalmologie', 1, 'Hammam Sousse', 'S1O7FI'),
(149, 'Ayari', 'Hichem', 'M??decine g??n??rale', 1, 'Thala', 'LDYIX1'),
(150, 'Riahi', 'Asma', 'M??decine g??n??rale', 1, 'Kef', 'X4RL3O'),
(151, 'Haddad', 'Youssef', 'Neurologie', 1, 'Haffouz', 'PE2DO6'),
(152, 'Bouazizi', 'Yasmine', 'Gyn??cologie', 1, 'Mahdia', 'TWXZGY'),
(153, 'Gharbi', 'Kamel', 'Orthop??die', 1, 'Tataouine', 'FDPAFL'),
(154, 'Ghannouchi', 'Rim', 'P??diatrie', 1, 'Monastir', 'F6GN5F'),
(155, 'Jemai', 'Salma', 'Cardiologie', 1, 'Tebourba', 'WFUTGI'),
(156, 'Jaziri', 'Kamel', 'Gyn??cologie', 1, 'Ksar Helal', 'MCMT55'),
(157, 'Khemiri', 'Mouna', 'Ophtalmologie', 1, 'Kef', 'Q9EX5R'),
(158, 'Sassi', 'Rim', 'Dermatologie', 1, 'Enfidha', 'PAFEXS'),
(159, 'Trabelsi', 'Ali', 'M??decine g??n??rale', 1, 'Regueb', '2TK7OJ'),
(160, 'Jemai', 'Salma', 'Dermatologie', 1, 'Kasserine', 'AI7OQV'),
(161, 'Jaziri', 'Le??la', 'Dermatologie', 1, 'Cit?? Attadhamon', 'VKV6FI'),
(162, 'Cherif', 'Hichem', 'Orthop??die', 1, 'Cit?? Attadhamon', 'NBJWQK'),
(163, 'Mansour', 'Sami', 'Cardiologie', 1, 'Msaken', 'YMTKSW'),
(164, 'Ben Ali', 'Ali', 'Gyn??cologie', 1, 'Hammam Lif', 'OO3S76'),
(165, 'Mansour', 'Sarra', 'Cardiologie', 1, 'Tabarka', 'P2OLTK'),
(166, 'Mansour', 'Asma', 'Dentaire', 1, 'Zarzis', 'R9K6I9'),
(167, 'Gharbi', 'Salma', 'Dentaire', 1, 'Rad??s', 'T3O54E'),
(168, 'Ayari', 'Amine', 'Ophtalmologie', 1, 'Mahdia', 'UQ2MNY'),
(169, 'Mabrouk', 'Ahmed', 'Cardiologie', 1, 'El Hamma', '13V9ZC'),
(170, 'Gharbi', 'Yasmine', 'Cardiologie', 1, 'Tozeur', 'W33E1S'),
(171, 'Khemiri', 'Fatma', 'Neurologie', 1, 'Gab??s', 'W3C6K7'),
(172, 'Riahi', 'Salma', 'Dermatologie', 1, 'Gab??s', 'OAWEZ4'),
(173, 'Cherif', 'Nadia', 'M??decine g??n??rale', 1, 'Moknine', '12KFF6'),
(174, 'Jaziri', 'Mehdi', 'M??decine g??n??rale', 1, 'Thala', 'CZ3VCR'),
(175, 'Zitouni', 'Karim', 'Cardiologie', 1, 'Oued Ellil', 'QJPK6M'),
(176, 'Sassi', 'Ali', 'Neurologie', 1, 'Manouba', '3R5ENC'),
(177, 'Khemiri', 'Nadia', 'Ophtalmologie', 1, 'Soukra', 'X41UHB'),
(178, 'Trabelsi', 'Sami', 'Orthop??die', 1, 'Monastir', 'DVOIT6'),
(179, 'Mansour', 'Safa', 'M??decine g??n??rale', 1, 'Ain Drahem', 'Z2TQDF'),
(180, 'Oueslati', 'Rim', 'P??diatrie', 1, 'Djerba', 'CESA64'),
(181, 'Haddad', 'Amine', 'Orthop??die', 1, 'Kerkennah', 'U7S3N8'),
(182, 'Oueslati', 'Amira', 'M??decine g??n??rale', 1, 'Dahmani', '9NGI64'),
(183, 'Cherif', 'Amine', 'Ophtalmologie', 1, 'Djerba', 'HIC6XW'),
(184, 'Jaziri', 'Sarra', 'P??diatrie', 1, 'Sfax (Ville/Ouest/Sud)', 'P9HL2U'),
(185, 'Ben Ali', 'Sarra', 'Cardiologie', 1, 'Zarzis', '2VD83P'),
(186, 'Cherif', 'Walid', 'M??decine g??n??rale', 1, 'Kerkennah', 'OF9GZ2'),
(187, 'Mabrouk', 'Youssef', 'Psychiatrie', 1, 'Testour', 'L9OUJO'),
(188, 'Jaziri', 'Nadia', 'Orthop??die', 1, 'Kairouan', '2BRHO2'),
(189, 'Zitouni', 'Hichem', 'Dentaire', 1, 'Nefta', '76GQF3'),
(190, 'Riahi', 'Youssef', 'P??diatrie', 1, 'Raoued', 'CTUP7E'),
(191, 'Amri', 'Mohamed', 'Dentaire', 1, 'Tozeur', '8C8CJA'),
(192, 'Haddad', 'Hichem', 'M??decine g??n??rale', 1, 'Nabeul', 'S48NWB'),
(193, 'Oueslati', 'Mohamed', 'Dermatologie', 1, 'M??denine', 'DVBRRY'),
(194, 'Jemai', 'Asma', 'Cardiologie', 1, 'K??bili', 'GFGKWH'),
(195, 'Tlili', 'Mohamed', 'Neurologie', 1, 'Thala', 'GP71SZ'),
(196, 'Ghannouchi', 'Mouna', 'Orthop??die', 1, 'Enfidha', 'Q8NAPL'),
(197, 'Ayari', 'Salma', 'Dermatologie', 1, 'Kef', '4YKIVG'),
(198, 'Oueslati', 'Nadia', 'Neurologie', 1, 'Dahmani', 'HA622G'),
(199, 'Oueslati', 'Sami', 'Cardiologie', 1, 'La Marsa', '3K1T9W'),
(200, 'Jaziri', 'Karim', 'Dermatologie', 1, 'Sbitla', 'LW6FZO'),
(201, 'Tlili', 'Salma', 'Orthop??die', 1, 'Zaghouan', 'ABZE3J');

-- --------------------------------------------------------

--
-- Structure de la table `planning`
--

DROP TABLE IF EXISTS `planning`;
CREATE TABLE IF NOT EXISTS `planning` (
  `idPlanning` int NOT NULL AUTO_INCREMENT,
  `date` date NOT NULL,
  `idPersonnel` int DEFAULT NULL,
  `heureDebut` time NOT NULL,
  `heureFin` time NOT NULL,
  `duree_creneau` int NOT NULL DEFAULT '30',
  PRIMARY KEY (`idPlanning`),
  KEY `fk_planning_personnel` (`idPersonnel`)
) ENGINE=InnoDB AUTO_INCREMENT=85 DEFAULT CHARSET=utf8mb4 COLLATE=utf8mb4_general_ci;

--
-- Déchargement des données de la table `planning`
--

INSERT INTO `planning` (`idPlanning`, `date`, `idPersonnel`, `heureDebut`, `heureFin`, `duree_creneau`) VALUES
(41, '2026-06-02', 1, '08:00:00', '17:30:00', 30),
(42, '2026-06-03', 1, '08:00:00', '17:30:00', 30),
(43, '2026-06-04', 1, '08:00:00', '17:30:00', 30),
(44, '2026-06-05', 1, '08:00:00', '17:30:00', 30),
(45, '2026-06-08', 1, '08:00:00', '17:30:00', 30),
(46, '2026-06-09', 1, '08:00:00', '17:30:00', 30),
(47, '2026-06-10', 1, '08:00:00', '17:30:00', 30),
(48, '2026-06-11', 1, '08:00:00', '17:30:00', 30),
(49, '2026-06-12', 1, '08:00:00', '17:30:00', 30),
(50, '2026-06-15', 1, '08:00:00', '17:30:00', 30),
(51, '2026-06-16', 1, '08:00:00', '17:30:00', 30),
(52, '2026-06-17', 1, '08:00:00', '17:30:00', 30),
(53, '2026-06-18', 1, '08:00:00', '17:30:00', 30),
(54, '2026-06-19', 1, '08:00:00', '17:30:00', 30),
(55, '2026-06-22', 1, '08:00:00', '17:30:00', 30),
(56, '2026-06-23', 1, '08:00:00', '17:30:00', 30),
(57, '2026-06-24', 1, '08:00:00', '17:30:00', 30),
(58, '2026-06-25', 1, '08:00:00', '17:30:00', 30),
(59, '2026-06-26', 1, '08:00:00', '17:30:00', 30),
(60, '2026-06-29', 1, '08:00:00', '17:30:00', 30),
(61, '2026-06-30', 1, '08:00:00', '17:30:00', 30),
(62, '2026-07-01', 1, '08:00:00', '17:30:00', 30),
(63, '2026-07-02', 1, '08:00:00', '17:30:00', 30),
(64, '2026-07-03', 1, '08:00:00', '17:30:00', 30),
(65, '2026-07-06', 1, '08:00:00', '17:30:00', 30),
(66, '2026-07-07', 1, '08:00:00', '17:30:00', 30),
(67, '2026-07-08', 1, '08:00:00', '17:30:00', 30),
(68, '2026-07-09', 1, '08:00:00', '17:30:00', 30),
(69, '2026-07-10', 1, '08:00:00', '17:30:00', 30),
(70, '2026-07-13', 1, '08:00:00', '17:30:00', 30),
(71, '2026-07-14', 1, '08:00:00', '17:30:00', 30),
(72, '2026-07-15', 1, '08:00:00', '17:30:00', 30),
(73, '2026-07-16', 1, '08:00:00', '17:30:00', 30),
(74, '2026-07-17', 1, '08:00:00', '17:30:00', 30),
(75, '2026-07-20', 1, '08:00:00', '17:30:00', 30),
(76, '2026-07-21', 1, '08:00:00', '17:30:00', 30),
(77, '2026-07-22', 1, '08:00:00', '17:30:00', 30),
(78, '2026-07-23', 1, '08:00:00', '17:30:00', 30),
(79, '2026-07-24', 1, '08:00:00', '17:30:00', 30),
(80, '2026-07-27', 1, '08:00:00', '17:30:00', 30),
(81, '2026-07-28', 1, '08:00:00', '17:30:00', 30),
(82, '2026-07-29', 1, '08:00:00', '17:30:00', 30),
(83, '2026-07-30', 1, '08:00:00', '17:30:00', 30),
(84, '2026-07-31', 1, '08:00:00', '17:30:00', 30);

-- --------------------------------------------------------

--
-- Structure de la table `rdv`
--

DROP TABLE IF EXISTS `rdv`;
CREATE TABLE IF NOT EXISTS `rdv` (
  `idRDV` int NOT NULL AUTO_INCREMENT,
  `dateRDV` date NOT NULL,
  `heureDebut` time NOT NULL,
  `heureFin` time NOT NULL,
  `motifConsultation` text COLLATE utf8mb4_general_ci NOT NULL,
  `idPatient` int DEFAULT NULL,
  `idPersonnel` int DEFAULT NULL,
  `agePatient` int DEFAULT NULL,
  PRIMARY KEY (`idRDV`),
  KEY `fk_rdv_patient` (`idPatient`),
  KEY `fk_rdv_personnel` (`idPersonnel`)
) ENGINE=InnoDB AUTO_INCREMENT=803 DEFAULT CHARSET=utf8mb4 COLLATE=utf8mb4_general_ci;

--
-- Déchargement des données de la table `rdv`
--

INSERT INTO `rdv` (`idRDV`, `dateRDV`, `heureDebut`, `heureFin`, `motifConsultation`, `idPatient`, `idPersonnel`, `agePatient`) VALUES
(182, '2026-05-13', '09:00:00', '09:30:00', 'consultation', 6, 37, NULL),
(183, '2026-05-13', '09:00:00', '09:30:00', 'consultation', 39, 39, NULL),
(184, '2026-05-13', '09:00:00', '09:30:00', 'consultation', 6, 12, NULL),
(185, '2026-05-12', '19:00:00', '19:30:00', 'TEST CABINET TODAY', 1, 1, NULL),
(186, '2026-05-12', '19:00:00', '19:30:00', 'TEST CABINET NADINE', 40, 1, NULL),
(187, '2026-05-19', '09:00:00', '09:30:00', 'TEST - Consultation 1', 1, 1, NULL),
(188, '2026-05-19', '16:30:00', '17:00:00', 'TEST - Consultation 2', 1, 1, NULL),
(189, '2026-05-19', '15:30:00', '16:00:00', 'TEST - Consultation 3', 1, 1, NULL),
(190, '2026-05-19', '15:00:00', '15:30:00', 'TEST - Consultation 4', 1, 1, NULL),
(191, '2026-05-21', '09:00:00', '09:30:00', 'TEST - Consultation 1', 1, 1, NULL),
(192, '2026-05-21', '09:30:00', '10:00:00', 'TEST - Consultation 2', 1, 1, NULL),
(193, '2026-05-21', '10:00:00', '10:30:00', 'TEST - Consultation 3', 1, 1, NULL),
(194, '2026-05-21', '10:30:00', '11:00:00', 'TEST - Consultation 4', 1, 1, NULL),
(195, '2026-05-22', '09:30:00', '10:00:00', 'consultation', 40, 37, NULL),
(196, '2026-05-22', '10:00:00', '10:30:00', 'consultation', 40, 37, NULL),
(197, '2026-05-21', '10:00:00', '10:30:00', 'consultation', 40, 12, NULL),
(198, '2026-05-21', '11:00:00', '11:30:00', 'consultation', 40, 37, NULL),
(199, '2026-05-21', '16:00:00', '16:30:00', 'consultation', 40, 2, NULL),
(200, '2026-05-21', '13:00:00', '08:30:00', 'consultation', 42, 1, NULL),
(201, '2026-05-21', '11:30:00', '12:00:00', 'consultation', 40, 1, NULL),
(202, '2026-05-22', '10:00:00', '10:30:00', 'consultation', 1, 1, NULL),
(203, '2026-05-22', '12:00:00', '12:30:00', 'consultation', 44, 1, NULL),
(204, '2026-05-22', '12:30:00', '13:00:00', 'TEST - Consultation 1', 1, 1, NULL),
(205, '2026-05-22', '13:00:00', '13:30:00', 'TEST - Consultation 2', 1, 1, NULL),
(206, '2026-05-22', '13:30:00', '14:00:00', 'TEST - Consultation 3', 1, 1, NULL),
(207, '2026-05-22', '14:00:00', '14:30:00', 'TEST - Consultation 4', 1, 1, NULL),
(212, '2026-05-22', '16:00:00', '16:30:00', 'TEST - Consultation 1', 1, 12, NULL),
(213, '2026-05-22', '16:30:00', '17:00:00', 'TEST - Consultation 2', 1, 12, NULL),
(214, '2026-05-22', '16:00:00', '16:30:00', 'TEST - Consultation 3', 1, 12, NULL),
(215, '2026-05-22', '16:30:00', '17:00:00', 'TEST - Consultation 4', 1, 12, NULL),
(216, '2026-05-23', '10:00:00', '10:30:00', 'TEST - Consultation 1', 1, 12, NULL),
(217, '2026-05-23', '10:30:00', '11:00:00', 'TEST - Consultation 2', 1, 12, NULL),
(218, '2026-05-23', '11:00:00', '11:30:00', 'TEST - Consultation 3', 1, 12, NULL),
(219, '2026-05-23', '11:30:00', '12:00:00', 'TEST - Consultation 4', 1, 12, NULL),
(220, '2026-05-23', '12:00:00', '12:30:00', 'TEST - Consultation 5', 1, 12, NULL),
(222, '2026-05-24', '13:30:00', '14:00:00', 'TEST - Consultation 1', 1, 12, NULL),
(223, '2026-05-24', '15:00:00', '15:30:00', 'TEST - Consultation 2', 1, 12, NULL),
(224, '2026-05-24', '15:30:00', '16:00:00', 'TEST - Consultation 3', 1, 12, NULL),
(225, '2026-05-24', '19:00:00', '19:30:00', 'TEST - Consultation 4', 1, 12, NULL),
(226, '2026-05-24', '19:30:00', '20:00:00', 'TEST - Consultation 5', 1, 12, NULL),
(228, '2026-05-26', '10:00:00', '10:30:00', 'consultation', 45, 1, NULL),
(290, '2026-05-26', '08:00:00', '08:30:00', 'TEST - Remplissage planning - 2026-05-26', 23, 12, NULL),
(291, '2026-05-26', '08:30:00', '09:00:00', 'TEST - Remplissage planning - 2026-05-26', 24, 12, NULL),
(292, '2026-05-26', '09:00:00', '09:30:00', 'TEST - Remplissage planning - 2026-05-26', 25, 12, NULL),
(293, '2026-05-26', '09:30:00', '10:00:00', 'TEST - Remplissage planning - 2026-05-26', 26, 12, NULL),
(294, '2026-05-26', '10:00:00', '10:30:00', 'TEST - Remplissage planning - 2026-05-26', 27, 12, NULL),
(310, '2026-05-27', '08:00:00', '08:30:00', 'TEST - Remplissage planning - 2026-05-27', 43, 12, NULL),
(311, '2026-05-27', '08:30:00', '09:00:00', 'TEST - Remplissage planning - 2026-05-27', 44, 12, NULL),
(312, '2026-05-27', '09:00:00', '09:30:00', 'TEST - Remplissage planning - 2026-05-27', 45, 12, NULL),
(313, '2026-05-27', '09:30:00', '10:00:00', 'TEST - Remplissage planning - 2026-05-27', 46, 12, NULL),
(314, '2026-05-27', '10:00:00', '10:30:00', 'TEST - Remplissage planning - 2026-05-27', 1, 12, NULL),
(330, '2026-05-28', '08:00:00', '08:30:00', 'TEST - Remplissage planning - 2026-05-28', 19, 12, NULL),
(331, '2026-05-28', '08:30:00', '09:00:00', 'TEST - Remplissage planning - 2026-05-28', 20, 12, NULL),
(332, '2026-05-28', '09:00:00', '09:30:00', 'TEST - Remplissage planning - 2026-05-28', 21, 12, NULL),
(333, '2026-05-28', '09:30:00', '10:00:00', 'TEST - Remplissage planning - 2026-05-28', 22, 12, NULL),
(334, '2026-05-28', '10:00:00', '10:30:00', 'TEST - Remplissage planning - 2026-05-28', 23, 12, NULL),
(350, '2026-05-29', '08:00:00', '08:30:00', 'TEST - Remplissage planning - 2026-05-29', 39, 12, NULL),
(351, '2026-05-29', '08:30:00', '09:00:00', 'TEST - Remplissage planning - 2026-05-29', 40, 12, NULL),
(352, '2026-05-29', '09:00:00', '09:30:00', 'TEST - Remplissage planning - 2026-05-29', 41, 12, NULL),
(353, '2026-05-29', '09:30:00', '10:00:00', 'TEST - Remplissage planning - 2026-05-29', 42, 12, NULL),
(354, '2026-05-29', '10:00:00', '10:30:00', 'TEST - Remplissage planning - 2026-05-29', 43, 12, NULL),
(370, '2026-05-30', '08:00:00', '08:30:00', 'TEST - Remplissage planning - 2026-05-30', 13, 12, NULL),
(371, '2026-05-30', '08:30:00', '09:00:00', 'TEST - Remplissage planning - 2026-05-30', 16, 12, NULL),
(372, '2026-05-30', '09:00:00', '09:30:00', 'TEST - Remplissage planning - 2026-05-30', 17, 12, NULL),
(373, '2026-05-30', '09:30:00', '10:00:00', 'TEST - Remplissage planning - 2026-05-30', 18, 12, NULL),
(374, '2026-05-30', '10:00:00', '10:30:00', 'TEST - Remplissage planning - 2026-05-30', 19, 12, NULL),
(395, '2026-05-25', '13:00:00', '13:30:00', 'TEST - Consultation 1', 1, 12, NULL),
(396, '2026-05-25', '13:30:00', '14:00:00', 'TEST - Consultation 2', 1, 12, NULL),
(397, '2026-05-25', '14:00:00', '14:30:00', 'TEST - Consultation 3', 1, 12, NULL),
(398, '2026-05-25', '14:30:00', '15:00:00', 'TEST - Consultation 4', 1, 12, NULL),
(399, '2026-05-25', '15:00:00', '15:30:00', 'TEST - Consultation 5', 1, 12, NULL),
(400, '2026-05-29', '09:00:00', '09:30:00', 'Urgence patient', 18, 1, NULL),
(401, '2026-05-29', '09:30:00', '11:00:00', 'Urgence patient', 56, 1, NULL),
(402, '2026-05-31', '09:00:00', '09:30:00', 'Annule - AUTO - Rendez-vous 09:00:00', 1, 1, NULL),
(403, '2026-05-31', '09:30:00', '10:00:00', 'Annule - AUTO - Rendez-vous 09:30:00', 1, 1, NULL),
(404, '2026-05-31', '10:00:00', '10:30:00', 'Annule - AUTO - Rendez-vous 10:00:00', 1, 1, NULL),
(405, '2026-05-31', '10:30:00', '11:00:00', 'Annule - AUTO - Rendez-vous 10:30:00', 1, 1, NULL),
(406, '2026-05-31', '11:00:00', '11:30:00', 'Annule - AUTO - Rendez-vous 11:00:00', 1, 1, NULL),
(407, '2026-05-31', '11:30:00', '12:00:00', 'Annule - AUTO - Rendez-vous 11:30:00', 1, 1, NULL),
(408, '2026-05-30', '12:09:00', '12:39:00', 'Urgence patient', 57, 1, NULL),
(409, '2026-05-31', '13:00:00', '13:30:00', 'consultation', 18, 13, NULL),
(410, '2026-05-30', '13:00:00', '13:30:00', 'consultation', 69, 91, NULL),
(411, '2026-06-02', '08:00:00', '08:30:00', 'Consultation ORL', 83, 1, NULL),
(412, '2026-06-02', '08:30:00', '09:00:00', 'Suivi allergie', 97, 1, NULL),
(413, '2026-06-02', '09:30:00', '10:00:00', 'Consultation ORL', 82, 1, NULL),
(414, '2026-06-02', '10:30:00', '11:00:00', 'Suivi allergie', 83, 1, NULL),
(415, '2026-06-02', '11:00:00', '11:30:00', 'Consultation ORL', 85, 1, NULL),
(416, '2026-06-02', '12:00:00', '12:30:00', 'Suivi allergie', 70, 1, NULL),
(417, '2026-06-02', '13:30:00', '14:00:00', 'Consultation generale', 74, 1, NULL),
(418, '2026-06-02', '14:00:00', '14:30:00', 'Certificat medical', 86, 1, NULL),
(419, '2026-06-02', '14:30:00', '15:00:00', 'Douleur abdominale', 89, 1, NULL),
(420, '2026-06-03', '08:00:00', '08:30:00', 'Urgence - Vaccination', 96, 1, NULL),
(421, '2026-06-03', '08:30:00', '09:00:00', 'Certificat medical', 74, 1, NULL),
(422, '2026-06-03', '09:00:00', '09:30:00', 'Consultation ORL', 84, 1, NULL),
(423, '2026-06-03', '10:30:00', '11:00:00', 'Controle croissance', 81, 1, NULL),
(424, '2026-06-03', '12:30:00', '13:00:00', 'Fievre persistante', 85, 1, NULL),
(425, '2026-06-03', '14:30:00', '15:00:00', 'Fievre persistante', 96, 1, NULL),
(426, '2026-06-03', '16:00:00', '16:30:00', 'Certificat medical', 87, 1, NULL),
(427, '2026-06-04', '08:00:00', '08:30:00', 'Suivi pediatrique', 81, 1, NULL),
(428, '2026-06-04', '08:30:00', '09:00:00', 'Douleur abdominale', 97, 1, NULL),
(429, '2026-06-04', '09:00:00', '09:30:00', 'Consultation generale', 99, 1, NULL),
(430, '2026-06-04', '10:30:00', '11:00:00', 'Suivi allergie', 84, 1, NULL),
(431, '2026-06-04', '11:00:00', '11:30:00', 'Suivi pediatrique', 96, 1, NULL),
(432, '2026-06-04', '14:00:00', '14:30:00', 'Controle croissance', 76, 1, NULL),
(433, '2026-06-04', '15:30:00', '16:00:00', 'Consultation ORL', 71, 1, NULL),
(434, '2026-06-04', '16:00:00', '16:30:00', 'Certificat medical', 91, 1, NULL),
(435, '2026-06-04', '16:30:00', '17:00:00', 'Suivi asthme', 70, 1, NULL),
(436, '2026-06-04', '17:00:00', '17:30:00', 'Fievre persistante', 88, 1, NULL),
(437, '2026-06-05', '08:00:00', '08:30:00', 'Consultation ORL', 74, 1, NULL),
(438, '2026-06-05', '09:30:00', '10:00:00', 'Consultation generale', 82, 1, NULL),
(439, '2026-06-05', '10:30:00', '11:00:00', 'Suivi pediatrique', 82, 1, NULL),
(440, '2026-06-05', '11:00:00', '11:30:00', 'Certificat medical', 81, 1, NULL),
(441, '2026-06-05', '13:00:00', '13:30:00', 'Urgence - Consultation generale', 94, 1, NULL),
(442, '2026-06-05', '14:00:00', '14:30:00', 'Suivi asthme', 85, 1, NULL),
(443, '2026-06-05', '14:30:00', '15:00:00', 'Suivi asthme', 84, 1, NULL),
(444, '2026-06-05', '16:00:00', '16:30:00', 'Fievre persistante', 85, 1, NULL),
(445, '2026-06-08', '08:00:00', '08:30:00', 'Certificat medical', 94, 1, NULL),
(446, '2026-06-08', '09:00:00', '09:30:00', 'Certificat medical', 92, 1, NULL),
(447, '2026-06-08', '12:00:00', '12:30:00', 'Certificat medical', 74, 1, NULL),
(448, '2026-06-08', '13:00:00', '13:30:00', 'Consultation ORL', 95, 1, NULL),
(449, '2026-06-08', '13:30:00', '14:00:00', 'Bilan annuel', 74, 1, NULL),
(450, '2026-06-08', '14:00:00', '14:30:00', 'Douleur abdominale', 75, 1, NULL),
(451, '2026-06-08', '15:00:00', '15:30:00', 'Douleur abdominale', 87, 1, NULL),
(452, '2026-06-08', '16:30:00', '17:00:00', 'Vaccination', 82, 1, NULL),
(453, '2026-06-09', '08:00:00', '08:30:00', 'Fievre persistante', 72, 1, NULL),
(454, '2026-06-09', '08:30:00', '09:00:00', 'Consultation ORL', 83, 1, NULL),
(455, '2026-06-09', '09:30:00', '10:00:00', 'Certificat medical', 97, 1, NULL),
(456, '2026-06-09', '12:30:00', '13:00:00', 'Suivi asthme', 70, 1, NULL),
(457, '2026-06-09', '13:30:00', '14:00:00', 'Consultation ORL', 81, 1, NULL),
(458, '2026-06-09', '16:00:00', '16:30:00', 'Consultation ORL', 95, 1, NULL),
(459, '2026-06-09', '16:30:00', '17:00:00', 'Premiere consultation', 89, 1, NULL),
(460, '2026-06-10', '08:00:00', '08:30:00', 'Consultation ORL', 73, 1, NULL),
(461, '2026-06-10', '09:30:00', '10:00:00', 'Suivi pediatrique', 88, 1, NULL),
(462, '2026-06-10', '10:30:00', '11:00:00', 'Bilan annuel', 80, 1, NULL),
(463, '2026-06-10', '11:30:00', '12:00:00', 'Consultation generale', 72, 1, NULL),
(464, '2026-06-10', '14:00:00', '14:30:00', 'Vaccination', 98, 1, NULL),
(465, '2026-06-10', '14:30:00', '15:00:00', 'Consultation generale', 70, 1, NULL),
(466, '2026-06-10', '15:00:00', '15:30:00', 'Vaccination', 70, 1, NULL),
(467, '2026-06-10', '16:00:00', '16:30:00', 'Consultation ORL', 91, 1, NULL),
(468, '2026-06-10', '16:30:00', '17:00:00', 'Suivi asthme', 99, 1, NULL),
(469, '2026-06-11', '08:00:00', '08:30:00', 'Premiere consultation', 79, 1, NULL),
(470, '2026-06-11', '09:00:00', '09:30:00', 'Suivi pediatrique', 93, 1, NULL),
(471, '2026-06-11', '10:00:00', '10:30:00', 'Suivi asthme', 83, 1, NULL),
(472, '2026-06-11', '10:30:00', '11:00:00', 'Consultation ORL', 70, 1, NULL),
(473, '2026-06-11', '12:00:00', '12:30:00', 'Consultation ORL', 76, 1, NULL),
(474, '2026-06-11', '13:30:00', '14:00:00', 'Bilan annuel', 73, 1, NULL),
(475, '2026-06-11', '14:30:00', '15:00:00', 'Consultation generale', 73, 1, NULL),
(476, '2026-06-11', '15:30:00', '16:00:00', 'Suivi allergie', 81, 1, NULL),
(477, '2026-06-11', '16:00:00', '16:30:00', 'Urgence - Vaccination', 90, 1, NULL),
(478, '2026-06-12', '08:00:00', '08:30:00', 'Vaccination', 70, 1, NULL),
(479, '2026-06-12', '08:30:00', '09:00:00', 'Vaccination', 83, 1, NULL),
(480, '2026-06-12', '10:30:00', '11:00:00', 'Certificat medical', 74, 1, NULL),
(481, '2026-06-12', '11:30:00', '12:00:00', 'Bilan annuel', 96, 1, NULL),
(482, '2026-06-12', '12:30:00', '13:00:00', 'Consultation ORL', 90, 1, NULL),
(483, '2026-06-12', '16:00:00', '16:30:00', 'Certificat medical', 80, 1, NULL),
(484, '2026-06-12', '16:30:00', '17:00:00', 'Suivi asthme', 93, 1, NULL),
(485, '2026-06-15', '10:00:00', '10:30:00', 'Certificat medical', 85, 1, NULL),
(486, '2026-06-15', '12:30:00', '13:00:00', 'Bilan annuel', 76, 1, NULL),
(487, '2026-06-15', '13:30:00', '14:00:00', 'Fievre persistante', 74, 1, NULL),
(488, '2026-06-15', '14:00:00', '14:30:00', 'Consultation ORL', 81, 1, NULL),
(489, '2026-06-15', '14:30:00', '15:00:00', 'Consultation generale', 95, 1, NULL),
(490, '2026-06-15', '16:00:00', '16:30:00', 'Vaccination', 72, 1, NULL),
(491, '2026-06-15', '16:30:00', '17:00:00', 'Vaccination', 93, 1, NULL),
(492, '2026-06-15', '17:00:00', '17:30:00', 'Suivi pediatrique', 93, 1, NULL),
(493, '2026-06-16', '09:30:00', '10:00:00', 'Suivi allergie', 93, 1, NULL),
(494, '2026-06-16', '10:00:00', '10:30:00', 'Bilan annuel', 76, 1, NULL),
(495, '2026-06-16', '10:30:00', '11:00:00', 'Consultation ORL', 79, 1, NULL),
(496, '2026-06-16', '11:30:00', '12:00:00', 'Douleur abdominale', 74, 1, NULL),
(497, '2026-06-16', '13:30:00', '14:00:00', 'Urgence - Certificat medical', 93, 1, NULL),
(498, '2026-06-16', '14:30:00', '15:00:00', 'Certificat medical', 89, 1, NULL),
(499, '2026-06-16', '15:00:00', '15:30:00', 'Suivi asthme', 83, 1, NULL),
(500, '2026-06-17', '09:30:00', '10:00:00', 'Suivi allergie', 89, 1, NULL),
(501, '2026-06-17', '10:00:00', '10:30:00', 'Suivi asthme', 73, 1, NULL),
(502, '2026-06-17', '11:00:00', '11:30:00', 'Premiere consultation', 97, 1, NULL),
(503, '2026-06-17', '11:30:00', '12:00:00', 'Suivi allergie', 78, 1, NULL),
(504, '2026-06-17', '12:30:00', '13:00:00', 'Suivi asthme', 73, 1, NULL),
(505, '2026-06-17', '13:00:00', '13:30:00', 'Suivi pediatrique', 85, 1, NULL),
(506, '2026-06-17', '14:00:00', '14:30:00', 'Suivi asthme', 77, 1, NULL),
(507, '2026-06-17', '14:30:00', '15:00:00', 'Suivi allergie', 84, 1, NULL),
(508, '2026-06-18', '08:00:00', '08:30:00', 'Controle croissance', 84, 1, NULL),
(509, '2026-06-18', '08:30:00', '09:00:00', 'Suivi asthme', 99, 1, NULL),
(510, '2026-06-18', '11:30:00', '12:00:00', 'Douleur abdominale', 81, 1, NULL),
(511, '2026-06-18', '12:00:00', '12:30:00', 'Douleur abdominale', 88, 1, NULL),
(512, '2026-06-18', '13:30:00', '14:00:00', 'Premiere consultation', 84, 1, NULL),
(513, '2026-06-18', '14:30:00', '15:00:00', 'Bilan annuel', 93, 1, NULL),
(514, '2026-06-18', '15:00:00', '15:30:00', 'Suivi pediatrique', 80, 1, NULL),
(515, '2026-06-19', '08:00:00', '08:30:00', 'Suivi pediatrique', 80, 1, NULL),
(516, '2026-06-19', '11:00:00', '11:30:00', 'Fievre persistante', 99, 1, NULL),
(517, '2026-06-19', '11:30:00', '12:00:00', 'Certificat medical', 97, 1, NULL),
(518, '2026-06-19', '12:30:00', '13:00:00', 'Consultation ORL', 91, 1, NULL),
(519, '2026-06-19', '13:00:00', '13:30:00', 'Suivi asthme', 83, 1, NULL),
(520, '2026-06-19', '13:30:00', '14:00:00', 'Douleur abdominale', 71, 1, NULL),
(521, '2026-06-19', '14:00:00', '14:30:00', 'Vaccination', 70, 1, NULL),
(522, '2026-06-19', '14:30:00', '15:00:00', 'Bilan annuel', 78, 1, NULL),
(523, '2026-06-19', '17:00:00', '17:30:00', 'Suivi allergie', 90, 1, NULL),
(524, '2026-06-22', '09:00:00', '09:30:00', 'Controle croissance', 92, 1, NULL),
(525, '2026-06-22', '11:30:00', '12:00:00', 'Suivi pediatrique', 70, 1, NULL),
(526, '2026-06-22', '12:00:00', '12:30:00', 'Fievre persistante', 77, 1, NULL),
(527, '2026-06-22', '12:30:00', '13:00:00', 'Bilan annuel', 91, 1, NULL),
(528, '2026-06-22', '13:30:00', '14:00:00', 'Suivi allergie', 72, 1, NULL),
(529, '2026-06-22', '14:30:00', '15:00:00', 'Certificat medical', 86, 1, NULL),
(530, '2026-06-23', '08:30:00', '09:00:00', 'Urgence - Vaccination', 96, 1, NULL),
(531, '2026-06-23', '10:30:00', '11:00:00', 'Urgence - Bilan annuel', 85, 1, NULL),
(532, '2026-06-23', '11:30:00', '12:00:00', 'Suivi asthme', 95, 1, NULL),
(533, '2026-06-23', '12:30:00', '13:00:00', 'Fievre persistante', 94, 1, NULL),
(534, '2026-06-23', '13:00:00', '13:30:00', 'Consultation ORL', 78, 1, NULL),
(535, '2026-06-23', '14:00:00', '14:30:00', 'Vaccination', 82, 1, NULL),
(536, '2026-06-23', '14:30:00', '15:00:00', 'Douleur abdominale', 71, 1, NULL),
(537, '2026-06-23', '15:00:00', '15:30:00', 'Premiere consultation', 93, 1, NULL),
(538, '2026-06-23', '16:30:00', '17:00:00', 'Certificat medical', 86, 1, NULL),
(539, '2026-06-23', '17:00:00', '17:30:00', 'Vaccination', 97, 1, NULL),
(540, '2026-06-24', '08:00:00', '08:30:00', 'Consultation generale', 76, 1, NULL),
(541, '2026-06-24', '08:30:00', '09:00:00', 'Douleur abdominale', 76, 1, NULL),
(542, '2026-06-24', '09:30:00', '10:00:00', 'Bilan annuel', 86, 1, NULL),
(543, '2026-06-24', '10:00:00', '10:30:00', 'Vaccination', 95, 1, NULL),
(544, '2026-06-24', '11:00:00', '11:30:00', 'Fievre persistante', 92, 1, NULL),
(545, '2026-06-24', '12:00:00', '12:30:00', 'Suivi asthme', 91, 1, NULL),
(546, '2026-06-24', '12:30:00', '13:00:00', 'Douleur abdominale', 90, 1, NULL),
(547, '2026-06-24', '14:00:00', '14:30:00', 'Consultation ORL', 93, 1, NULL),
(548, '2026-06-24', '15:00:00', '15:30:00', 'Consultation ORL', 89, 1, NULL),
(549, '2026-06-24', '17:00:00', '17:30:00', 'Premiere consultation', 74, 1, NULL),
(550, '2026-06-25', '08:00:00', '08:30:00', 'Fievre persistante', 89, 1, NULL),
(551, '2026-06-25', '09:30:00', '10:00:00', 'Vaccination', 70, 1, NULL),
(552, '2026-06-25', '11:00:00', '11:30:00', 'Consultation ORL', 81, 1, NULL),
(553, '2026-06-25', '11:30:00', '12:00:00', 'Premiere consultation', 91, 1, NULL),
(554, '2026-06-25', '12:30:00', '13:00:00', 'Suivi asthme', 98, 1, NULL),
(555, '2026-06-25', '13:00:00', '13:30:00', 'Consultation generale', 86, 1, NULL),
(556, '2026-06-25', '13:30:00', '14:00:00', 'Suivi pediatrique', 71, 1, NULL),
(557, '2026-06-25', '16:00:00', '16:30:00', 'Premiere consultation', 97, 1, NULL),
(558, '2026-06-26', '09:00:00', '09:30:00', 'Douleur abdominale', 97, 1, NULL),
(559, '2026-06-26', '10:00:00', '10:30:00', 'Suivi asthme', 84, 1, NULL),
(560, '2026-06-26', '11:30:00', '12:00:00', 'Certificat medical', 79, 1, NULL),
(561, '2026-06-26', '12:30:00', '13:00:00', 'Consultation ORL', 99, 1, NULL),
(562, '2026-06-26', '14:00:00', '14:30:00', 'Controle croissance', 72, 1, NULL),
(563, '2026-06-26', '15:00:00', '15:30:00', 'Suivi pediatrique', 73, 1, NULL),
(564, '2026-06-26', '15:30:00', '16:00:00', 'Suivi allergie', 91, 1, NULL),
(565, '2026-06-26', '16:00:00', '16:30:00', 'Bilan annuel', 73, 1, NULL),
(566, '2026-06-29', '08:30:00', '09:00:00', 'Suivi pediatrique', 74, 1, NULL),
(567, '2026-06-29', '09:30:00', '10:00:00', 'Controle croissance', 87, 1, NULL),
(568, '2026-06-29', '11:30:00', '12:00:00', 'Douleur abdominale', 84, 1, NULL),
(569, '2026-06-29', '12:30:00', '13:00:00', 'Consultation generale', 88, 1, NULL),
(570, '2026-06-29', '15:00:00', '15:30:00', 'Consultation ORL', 91, 1, NULL),
(571, '2026-06-29', '15:30:00', '16:00:00', 'Certificat medical', 78, 1, NULL),
(572, '2026-06-29', '16:00:00', '16:30:00', 'Suivi asthme', 84, 1, NULL),
(573, '2026-06-29', '16:30:00', '17:00:00', 'Consultation ORL', 95, 1, NULL),
(574, '2026-06-30', '09:00:00', '09:30:00', 'Suivi asthme', 74, 1, NULL),
(575, '2026-06-30', '10:00:00', '10:30:00', 'Douleur abdominale', 73, 1, NULL),
(576, '2026-06-30', '10:30:00', '11:00:00', 'Urgence - Vaccination', 87, 1, NULL),
(577, '2026-06-30', '11:00:00', '11:30:00', 'Premiere consultation', 71, 1, NULL),
(578, '2026-06-30', '13:00:00', '13:30:00', 'Suivi allergie', 94, 1, NULL),
(579, '2026-06-30', '14:00:00', '14:30:00', 'Suivi asthme', 93, 1, NULL),
(580, '2026-06-30', '14:30:00', '15:00:00', 'Fievre persistante', 79, 1, NULL),
(581, '2026-06-30', '17:00:00', '17:30:00', 'Fievre persistante', 92, 1, NULL),
(582, '2026-07-01', '08:30:00', '09:00:00', 'Fievre persistante', 70, 1, NULL),
(583, '2026-07-01', '10:00:00', '10:30:00', 'Urgence - Premiere consultation', 82, 1, NULL),
(584, '2026-07-01', '10:30:00', '11:00:00', 'Bilan annuel', 84, 1, NULL),
(585, '2026-07-01', '12:00:00', '12:30:00', 'Consultation ORL', 97, 1, NULL),
(586, '2026-07-01', '13:30:00', '14:00:00', 'Douleur abdominale', 94, 1, NULL),
(587, '2026-07-01', '14:30:00', '15:00:00', 'Consultation generale', 88, 1, NULL),
(588, '2026-07-01', '15:00:00', '15:30:00', 'Consultation ORL', 97, 1, NULL),
(589, '2026-07-01', '15:30:00', '16:00:00', 'Suivi pediatrique', 86, 1, NULL),
(590, '2026-07-02', '08:00:00', '08:30:00', 'Vaccination', 72, 1, NULL),
(591, '2026-07-02', '09:30:00', '10:00:00', 'Consultation generale', 99, 1, NULL),
(592, '2026-07-02', '10:00:00', '10:30:00', 'Certificat medical', 96, 1, NULL),
(593, '2026-07-02', '11:30:00', '12:00:00', 'Suivi pediatrique', 87, 1, NULL),
(594, '2026-07-02', '12:00:00', '12:30:00', 'Urgence - Certificat medical', 87, 1, NULL),
(595, '2026-07-02', '12:30:00', '13:00:00', 'Premiere consultation', 98, 1, NULL),
(596, '2026-07-02', '13:00:00', '13:30:00', 'Certificat medical', 86, 1, NULL),
(597, '2026-07-02', '13:30:00', '14:00:00', 'Controle croissance', 99, 1, NULL),
(598, '2026-07-02', '16:00:00', '16:30:00', 'Consultation generale', 85, 1, NULL),
(599, '2026-07-02', '16:30:00', '17:00:00', 'Certificat medical', 75, 1, NULL),
(600, '2026-07-03', '09:30:00', '10:00:00', 'Urgence - Consultation generale', 77, 1, NULL),
(601, '2026-07-03', '10:30:00', '11:00:00', 'Consultation ORL', 82, 1, NULL),
(602, '2026-07-03', '14:00:00', '14:30:00', 'Suivi allergie', 91, 1, NULL),
(603, '2026-07-03', '14:30:00', '15:00:00', 'Bilan annuel', 77, 1, NULL),
(604, '2026-07-03', '15:00:00', '15:30:00', 'Suivi asthme', 86, 1, NULL),
(605, '2026-07-03', '16:00:00', '16:30:00', 'Certificat medical', 90, 1, NULL),
(606, '2026-07-03', '16:30:00', '17:00:00', 'Consultation generale', 72, 1, NULL),
(607, '2026-07-03', '17:00:00', '17:30:00', 'Bilan annuel', 93, 1, NULL),
(608, '2026-07-06', '08:00:00', '08:30:00', 'Suivi allergie', 91, 1, NULL),
(609, '2026-07-06', '08:30:00', '09:00:00', 'Suivi pediatrique', 81, 1, NULL),
(610, '2026-07-06', '09:30:00', '10:00:00', 'Consultation generale', 88, 1, NULL),
(611, '2026-07-06', '10:00:00', '10:30:00', 'Suivi pediatrique', 77, 1, NULL),
(612, '2026-07-06', '11:00:00', '11:30:00', 'Vaccination', 77, 1, NULL),
(613, '2026-07-06', '12:00:00', '12:30:00', 'Certificat medical', 88, 1, NULL),
(614, '2026-07-06', '12:30:00', '13:00:00', 'Vaccination', 75, 1, NULL),
(615, '2026-07-06', '15:00:00', '15:30:00', 'Consultation generale', 70, 1, NULL),
(616, '2026-07-06', '16:30:00', '17:00:00', 'Bilan annuel', 93, 1, NULL),
(617, '2026-07-07', '08:00:00', '08:30:00', 'Fievre persistante', 70, 1, NULL),
(618, '2026-07-07', '08:30:00', '09:00:00', 'Douleur abdominale', 74, 1, NULL),
(619, '2026-07-07', '10:00:00', '10:30:00', 'Fievre persistante', 70, 1, NULL),
(620, '2026-07-07', '10:30:00', '11:00:00', 'Controle croissance', 73, 1, NULL),
(621, '2026-07-07', '11:00:00', '11:30:00', 'Suivi pediatrique', 84, 1, NULL),
(622, '2026-07-07', '13:30:00', '14:00:00', 'Fievre persistante', 78, 1, NULL),
(623, '2026-07-07', '14:30:00', '15:00:00', 'Vaccination', 93, 1, NULL),
(624, '2026-07-07', '15:00:00', '15:30:00', 'Suivi allergie', 93, 1, NULL),
(625, '2026-07-07', '16:00:00', '16:30:00', 'Suivi asthme', 79, 1, NULL),
(626, '2026-07-07', '16:30:00', '17:00:00', 'Suivi allergie', 73, 1, NULL),
(627, '2026-07-08', '08:00:00', '08:30:00', 'Vaccination', 87, 1, NULL),
(628, '2026-07-08', '10:00:00', '10:30:00', 'Douleur abdominale', 87, 1, NULL),
(629, '2026-07-08', '11:30:00', '12:00:00', 'Fievre persistante', 81, 1, NULL),
(630, '2026-07-08', '12:00:00', '12:30:00', 'Urgence - Vaccination', 86, 1, NULL),
(631, '2026-07-08', '15:30:00', '16:00:00', 'Controle croissance', 89, 1, NULL),
(632, '2026-07-08', '16:00:00', '16:30:00', 'Douleur abdominale', 97, 1, NULL),
(633, '2026-07-08', '16:30:00', '17:00:00', 'Fievre persistante', 74, 1, NULL),
(634, '2026-07-09', '08:00:00', '08:30:00', 'Douleur abdominale', 81, 1, NULL),
(635, '2026-07-09', '09:00:00', '09:30:00', 'Douleur abdominale', 70, 1, NULL),
(636, '2026-07-09', '09:30:00', '10:00:00', 'Suivi allergie', 82, 1, NULL),
(637, '2026-07-09', '11:00:00', '11:30:00', 'Controle croissance', 81, 1, NULL),
(638, '2026-07-09', '11:30:00', '12:00:00', 'Suivi asthme', 82, 1, NULL),
(639, '2026-07-09', '13:00:00', '13:30:00', 'Consultation generale', 97, 1, NULL),
(640, '2026-07-09', '13:30:00', '14:00:00', 'Bilan annuel', 76, 1, NULL),
(641, '2026-07-09', '14:30:00', '15:00:00', 'Fievre persistante', 82, 1, NULL),
(642, '2026-07-09', '17:00:00', '17:30:00', 'Douleur abdominale', 75, 1, NULL),
(643, '2026-07-10', '10:00:00', '10:30:00', 'Suivi asthme', 94, 1, NULL),
(644, '2026-07-10', '10:30:00', '11:00:00', 'Certificat medical', 84, 1, NULL),
(645, '2026-07-10', '12:00:00', '12:30:00', 'Suivi pediatrique', 90, 1, NULL),
(646, '2026-07-10', '12:30:00', '13:00:00', 'Consultation ORL', 76, 1, NULL),
(647, '2026-07-10', '13:00:00', '13:30:00', 'Suivi allergie', 80, 1, NULL),
(648, '2026-07-10', '14:00:00', '14:30:00', 'Suivi asthme', 72, 1, NULL),
(649, '2026-07-10', '14:30:00', '15:00:00', 'Fievre persistante', 84, 1, NULL),
(650, '2026-07-10', '16:00:00', '16:30:00', 'Suivi pediatrique', 99, 1, NULL),
(651, '2026-07-10', '16:30:00', '17:00:00', 'Douleur abdominale', 87, 1, NULL),
(652, '2026-07-10', '17:00:00', '17:30:00', 'Urgence - Suivi pediatrique', 74, 1, NULL),
(653, '2026-07-13', '09:30:00', '10:00:00', 'Urgence - Bilan annuel', 81, 1, NULL),
(654, '2026-07-13', '10:00:00', '10:30:00', 'Suivi allergie', 74, 1, NULL),
(655, '2026-07-13', '11:00:00', '11:30:00', 'Vaccination', 79, 1, NULL),
(656, '2026-07-13', '12:00:00', '12:30:00', 'Suivi pediatrique', 83, 1, NULL),
(657, '2026-07-13', '12:30:00', '13:00:00', 'Suivi pediatrique', 81, 1, NULL),
(658, '2026-07-13', '13:00:00', '13:30:00', 'Suivi pediatrique', 90, 1, NULL),
(659, '2026-07-13', '13:30:00', '14:00:00', 'Vaccination', 89, 1, NULL),
(660, '2026-07-13', '16:00:00', '16:30:00', 'Suivi allergie', 97, 1, NULL),
(661, '2026-07-14', '08:30:00', '09:00:00', 'Consultation ORL', 96, 1, NULL),
(662, '2026-07-14', '09:00:00', '09:30:00', 'Vaccination', 78, 1, NULL),
(663, '2026-07-14', '09:30:00', '10:00:00', 'Urgence - Controle croissance', 89, 1, NULL),
(664, '2026-07-14', '13:00:00', '13:30:00', 'Suivi allergie', 76, 1, NULL),
(665, '2026-07-14', '13:30:00', '14:00:00', 'Suivi asthme', 92, 1, NULL),
(666, '2026-07-14', '14:30:00', '15:00:00', 'Suivi pediatrique', 90, 1, NULL),
(667, '2026-07-14', '15:30:00', '16:00:00', 'Certificat medical', 82, 1, NULL),
(668, '2026-07-15', '08:00:00', '08:30:00', 'Urgence - Fievre persistante', 95, 1, NULL),
(669, '2026-07-15', '08:30:00', '09:00:00', 'Fievre persistante', 83, 1, NULL),
(670, '2026-07-15', '09:00:00', '09:30:00', 'Premiere consultation', 70, 1, NULL),
(671, '2026-07-15', '10:00:00', '10:30:00', 'Consultation generale', 87, 1, NULL),
(672, '2026-07-15', '10:30:00', '11:00:00', 'Douleur abdominale', 80, 1, NULL),
(673, '2026-07-15', '12:00:00', '12:30:00', 'Premiere consultation', 79, 1, NULL),
(674, '2026-07-15', '15:30:00', '16:00:00', 'Controle croissance', 76, 1, NULL),
(675, '2026-07-15', '16:00:00', '16:30:00', 'Bilan annuel', 77, 1, NULL),
(676, '2026-07-15', '16:30:00', '17:00:00', 'Suivi allergie', 81, 1, NULL),
(677, '2026-07-16', '08:00:00', '08:30:00', 'Consultation ORL', 96, 1, NULL),
(678, '2026-07-16', '10:30:00', '11:00:00', 'Vaccination', 94, 1, NULL),
(679, '2026-07-16', '11:30:00', '12:00:00', 'Consultation ORL', 81, 1, NULL),
(680, '2026-07-16', '12:00:00', '12:30:00', 'Fievre persistante', 95, 1, NULL),
(681, '2026-07-16', '13:00:00', '13:30:00', 'Douleur abdominale', 71, 1, NULL),
(682, '2026-07-16', '13:30:00', '14:00:00', 'Certificat medical', 78, 1, NULL),
(683, '2026-07-16', '14:30:00', '15:00:00', 'Bilan annuel', 87, 1, NULL),
(684, '2026-07-16', '15:00:00', '15:30:00', 'Consultation generale', 92, 1, NULL),
(685, '2026-07-17', '09:30:00', '10:00:00', 'Premiere consultation', 95, 1, NULL),
(686, '2026-07-17', '10:30:00', '11:00:00', 'Suivi pediatrique', 98, 1, NULL),
(687, '2026-07-17', '11:30:00', '12:00:00', 'Suivi pediatrique', 82, 1, NULL),
(688, '2026-07-17', '12:00:00', '12:30:00', 'Consultation generale', 72, 1, NULL),
(689, '2026-07-17', '12:30:00', '13:00:00', 'Suivi pediatrique', 91, 1, NULL),
(690, '2026-07-17', '13:30:00', '14:00:00', 'Controle croissance', 77, 1, NULL),
(691, '2026-07-17', '16:30:00', '17:00:00', 'Vaccination', 72, 1, NULL),
(692, '2026-07-20', '08:00:00', '08:30:00', 'Bilan annuel', 76, 1, NULL),
(693, '2026-07-20', '08:30:00', '09:00:00', 'Suivi pediatrique', 85, 1, NULL),
(694, '2026-07-20', '10:00:00', '10:30:00', 'Bilan annuel', 89, 1, NULL),
(695, '2026-07-20', '11:00:00', '11:30:00', 'Consultation ORL', 79, 1, NULL),
(696, '2026-07-20', '12:30:00', '13:00:00', 'Suivi asthme', 87, 1, NULL),
(697, '2026-07-20', '14:00:00', '14:30:00', 'Premiere consultation', 77, 1, NULL),
(698, '2026-07-20', '14:30:00', '15:00:00', 'Consultation generale', 90, 1, NULL),
(699, '2026-07-20', '15:00:00', '15:30:00', 'Vaccination', 74, 1, NULL),
(700, '2026-07-21', '08:00:00', '08:30:00', 'Certificat medical', 76, 1, NULL),
(701, '2026-07-21', '09:00:00', '09:30:00', 'Urgence - Consultation generale', 87, 1, NULL),
(702, '2026-07-21', '14:00:00', '14:30:00', 'Urgence - Controle croissance', 80, 1, NULL),
(703, '2026-07-21', '14:30:00', '15:00:00', 'Suivi asthme', 96, 1, NULL),
(704, '2026-07-21', '15:30:00', '16:00:00', 'Consultation ORL', 85, 1, NULL),
(705, '2026-07-21', '16:00:00', '16:30:00', 'Suivi asthme', 91, 1, NULL),
(706, '2026-07-22', '09:00:00', '09:30:00', 'Consultation generale', 98, 1, NULL),
(707, '2026-07-22', '09:30:00', '10:00:00', 'Certificat medical', 99, 1, NULL),
(708, '2026-07-22', '10:00:00', '10:30:00', 'Consultation generale', 89, 1, NULL),
(709, '2026-07-22', '10:30:00', '11:00:00', 'Certificat medical', 97, 1, NULL),
(710, '2026-07-22', '12:00:00', '12:30:00', 'Premiere consultation', 73, 1, NULL),
(711, '2026-07-22', '12:30:00', '13:00:00', 'Suivi asthme', 97, 1, NULL),
(712, '2026-07-22', '14:00:00', '14:30:00', 'Suivi pediatrique', 78, 1, NULL),
(713, '2026-07-22', '14:30:00', '15:00:00', 'Certificat medical', 77, 1, NULL),
(714, '2026-07-22', '16:30:00', '17:00:00', 'Fievre persistante', 76, 1, NULL),
(715, '2026-07-23', '11:30:00', '12:00:00', 'Douleur abdominale', 82, 1, NULL),
(716, '2026-07-23', '12:00:00', '12:30:00', 'Controle croissance', 97, 1, NULL),
(717, '2026-07-23', '12:30:00', '13:00:00', 'Suivi allergie', 93, 1, NULL),
(718, '2026-07-23', '14:00:00', '14:30:00', 'Fievre persistante', 92, 1, NULL),
(719, '2026-07-23', '15:00:00', '15:30:00', 'Premiere consultation', 80, 1, NULL),
(720, '2026-07-23', '16:00:00', '16:30:00', 'Premiere consultation', 98, 1, NULL),
(721, '2026-07-23', '17:00:00', '17:30:00', 'Consultation ORL', 80, 1, NULL),
(722, '2026-07-24', '08:00:00', '08:30:00', 'Consultation generale', 90, 1, NULL),
(723, '2026-07-24', '08:30:00', '09:00:00', 'Fievre persistante', 98, 1, NULL),
(724, '2026-07-24', '12:30:00', '13:00:00', 'Suivi pediatrique', 95, 1, NULL),
(725, '2026-07-24', '13:00:00', '13:30:00', 'Consultation ORL', 98, 1, NULL),
(726, '2026-07-24', '14:30:00', '15:00:00', 'Suivi asthme', 93, 1, NULL),
(727, '2026-07-24', '15:00:00', '15:30:00', 'Premiere consultation', 73, 1, NULL),
(728, '2026-07-24', '16:00:00', '16:30:00', 'Premiere consultation', 73, 1, NULL),
(729, '2026-07-24', '16:30:00', '17:00:00', 'Bilan annuel', 97, 1, NULL),
(730, '2026-07-24', '17:00:00', '17:30:00', 'Suivi allergie', 80, 1, NULL),
(731, '2026-07-27', '08:30:00', '09:00:00', 'Douleur abdominale', 75, 1, NULL),
(732, '2026-07-27', '09:30:00', '10:00:00', 'Suivi asthme', 89, 1, NULL),
(733, '2026-07-27', '10:30:00', '11:00:00', 'Urgence - Premiere consultation', 87, 1, NULL),
(734, '2026-07-27', '11:00:00', '11:30:00', 'Consultation generale', 87, 1, NULL),
(735, '2026-07-27', '13:30:00', '14:00:00', 'Consultation generale', 98, 1, NULL),
(736, '2026-07-27', '14:00:00', '14:30:00', 'Certificat medical', 71, 1, NULL),
(737, '2026-07-27', '15:30:00', '16:00:00', 'Urgence - Consultation generale', 74, 1, NULL),
(738, '2026-07-27', '16:00:00', '16:30:00', 'Consultation generale', 71, 1, NULL),
(739, '2026-07-28', '08:00:00', '08:30:00', 'Fievre persistante', 86, 1, NULL),
(740, '2026-07-28', '10:00:00', '10:30:00', 'Premiere consultation', 86, 1, NULL),
(741, '2026-07-28', '10:30:00', '11:00:00', 'Douleur abdominale', 98, 1, NULL),
(742, '2026-07-28', '12:00:00', '12:30:00', 'Suivi pediatrique', 82, 1, NULL),
(743, '2026-07-28', '13:00:00', '13:30:00', 'Douleur abdominale', 79, 1, NULL),
(744, '2026-07-28', '13:30:00', '14:00:00', 'Urgence - Suivi pediatrique', 72, 1, NULL),
(745, '2026-07-28', '15:30:00', '16:00:00', 'Controle croissance', 70, 1, NULL),
(746, '2026-07-28', '16:00:00', '16:30:00', 'Consultation generale', 71, 1, NULL),
(747, '2026-07-29', '08:30:00', '09:00:00', 'Bilan annuel', 72, 1, NULL),
(748, '2026-07-29', '10:30:00', '11:00:00', 'Consultation ORL', 71, 1, NULL),
(749, '2026-07-29', '12:00:00', '12:30:00', 'Bilan annuel', 95, 1, NULL),
(750, '2026-07-29', '12:30:00', '13:00:00', 'Fievre persistante', 97, 1, NULL),
(751, '2026-07-29', '13:00:00', '13:30:00', 'Suivi asthme', 97, 1, NULL),
(752, '2026-07-29', '13:30:00', '14:00:00', 'Premiere consultation', 89, 1, NULL),
(753, '2026-07-29', '14:00:00', '14:30:00', 'Suivi allergie', 92, 1, NULL),
(754, '2026-07-29', '14:30:00', '15:00:00', 'Consultation ORL', 89, 1, NULL),
(755, '2026-07-29', '15:00:00', '15:30:00', 'Controle croissance', 98, 1, NULL),
(756, '2026-07-29', '15:30:00', '16:00:00', 'Bilan annuel', 71, 1, NULL),
(757, '2026-07-30', '08:00:00', '08:30:00', 'Suivi asthme', 98, 1, NULL),
(758, '2026-07-30', '11:00:00', '11:30:00', 'Controle croissance', 82, 1, NULL),
(759, '2026-07-30', '11:30:00', '12:00:00', 'Douleur abdominale', 73, 1, NULL),
(760, '2026-07-30', '13:30:00', '14:00:00', 'Consultation ORL', 95, 1, NULL),
(761, '2026-07-30', '15:00:00', '15:30:00', 'Suivi asthme', 98, 1, NULL),
(762, '2026-07-30', '15:30:00', '16:00:00', 'Vaccination', 76, 1, NULL),
(763, '2026-07-30', '16:30:00', '17:00:00', 'Bilan annuel', 72, 1, NULL),
(764, '2026-07-31', '08:00:00', '08:30:00', 'Bilan annuel', 79, 1, NULL),
(765, '2026-07-31', '08:30:00', '09:00:00', 'Premiere consultation', 70, 1, NULL),
(766, '2026-07-31', '10:00:00', '10:30:00', 'Bilan annuel', 82, 1, NULL),
(767, '2026-07-31', '11:30:00', '12:00:00', 'Premiere consultation', 84, 1, NULL),
(768, '2026-07-31', '12:30:00', '13:00:00', 'Certificat medical', 95, 1, NULL),
(769, '2026-07-31', '13:00:00', '13:30:00', 'Premiere consultation', 90, 1, NULL),
(770, '2026-07-31', '15:30:00', '16:00:00', 'Consultation generale', 82, 1, NULL),
(771, '2026-07-31', '16:30:00', '17:00:00', 'Suivi pediatrique', 90, 1, NULL),
(772, '2026-07-31', '17:00:00', '17:30:00', 'Suivi allergie', 86, 1, NULL),
(773, '2026-06-03', '13:00:00', '13:30:00', 'consultation', 18, 103, NULL),
(774, '2026-06-03', '13:00:00', '13:30:00', 'consultation', 6, 32, NULL),
(775, '2026-06-03', '08:00:00', '08:30:00', 'consultation', 102, 23, NULL),
(776, '2026-06-04', '08:00:00', '08:30:00', 'Consultation confirmée', 103, 32, NULL),
(777, '2026-06-04', '13:00:00', '13:30:00', 'Consultation confirmée', 104, 93, NULL),
(778, '2026-06-04', '13:00:00', '13:30:00', 'Consultation confirmée', 105, 132, NULL),
(779, '2026-06-04', '13:00:00', '13:30:00', 'Consultation confirmée', 106, 103, NULL),
(780, '2026-06-05', '13:00:00', '13:30:00', 'Consultation confirmée', 107, 103, NULL),
(781, '2026-06-04', '08:00:00', '08:30:00', 'Consultation confirmée', 108, 103, NULL),
(782, '2026-06-04', '13:30:00', '14:00:00', 'En attente - consultation', 109, 103, NULL),
(783, '2026-06-04', '14:00:00', '14:30:00', 'Consultation confirmée', 109, 103, NULL),
(784, '2026-06-04', '14:30:00', '15:00:00', 'consultation', 110, 103, NULL),
(785, '2026-06-04', '15:00:00', '15:30:00', 'consultation', 111, 103, NULL),
(786, '2026-06-04', '08:30:00', '09:00:00', 'consultation', 112, 103, NULL),
(787, '2026-06-04', '09:00:00', '09:30:00', 'consultation', 113, 103, NULL),
(788, '2026-06-04', '13:00:00', '13:30:00', 'consultation', 114, 1, NULL),
(789, '2026-06-05', '13:30:00', '14:00:00', 'consultation', 115, 103, NULL),
(790, '2026-06-05', '14:00:00', '14:30:00', 'consultation', 116, 103, NULL),
(791, '2026-06-07', '13:00:00', '13:30:00', 'consultation', 117, 1, NULL),
(792, '2026-06-06', '10:15:00', '10:45:00', 'consultation', 117, 1, NULL),
(793, '2026-06-05', '13:00:00', '13:30:00', 'consultation', 117, 32, NULL),
(794, '2026-06-05', '13:30:00', '14:00:00', 'consultation', 118, 1, NULL),
(795, '2026-06-04', '14:30:00', '15:30:00', 'Urgence patient', 25, 1, NULL),
(796, '2026-06-05', '15:00:00', '15:30:00', 'consultation', 119, 1, NULL),
(797, '2026-06-08', '14:30:00', '15:00:00', 'consultation', 120, 1, NULL),
(798, '2026-06-08', '15:30:00', '16:00:00', 'consultation', 121, 1, NULL),
(799, '2026-06-08', '16:00:00', '16:30:00', 'consultation', 122, 1, NULL),
(800, '2026-06-08', '17:00:00', '17:30:00', 'consultation', 123, 1, NULL),
(801, '2026-06-09', '13:00:00', '13:30:00', 'consultation', 124, 1, NULL),
(802, '2026-06-06', '09:00:00', '10:15:00', 'Urgence patient', 125, 1, NULL);

-- --------------------------------------------------------

--
-- Structure de la table `user`
--

DROP TABLE IF EXISTS `user`;
CREATE TABLE IF NOT EXISTS `user` (
  `id` int NOT NULL AUTO_INCREMENT,
  `nom` varchar(100) COLLATE utf8mb4_general_ci NOT NULL,
  `prenom` varchar(100) COLLATE utf8mb4_general_ci NOT NULL,
  `telephone` varchar(30) COLLATE utf8mb4_general_ci DEFAULT NULL,
  `cin` varchar(50) COLLATE utf8mb4_general_ci DEFAULT NULL,
  `email` varchar(120) COLLATE utf8mb4_general_ci DEFAULT NULL,
  `specialite` varchar(120) COLLATE utf8mb4_general_ci DEFAULT NULL,
  `disponibilite` varchar(255) COLLATE utf8mb4_general_ci DEFAULT NULL,
  `password` varchar(255) COLLATE utf8mb4_general_ci NOT NULL,
  `access_code` varchar(120) COLLATE utf8mb4_general_ci DEFAULT NULL,
  `role` int NOT NULL,
  PRIMARY KEY (`id`),
  UNIQUE KEY `email` (`email`),
  UNIQUE KEY `access_code` (`access_code`)
) ENGINE=InnoDB DEFAULT CHARSET=utf8mb4 COLLATE=utf8mb4_general_ci;

--
-- Contraintes pour les tables déchargées
--

--
-- Contraintes pour la table `fiche_patient`
--
ALTER TABLE `fiche_patient`
  ADD CONSTRAINT `fk_dossier_patient` FOREIGN KEY (`idpatient`) REFERENCES `patient` (`id_patient`) ON DELETE CASCADE ON UPDATE CASCADE,
  ADD CONSTRAINT `fk_dossier_personnel` FOREIGN KEY (`idpersonnel`) REFERENCES `personnel_de_sante` (`id_personnel`) ON DELETE SET NULL ON UPDATE CASCADE;

--
-- Contraintes pour la table `planning`
--
ALTER TABLE `planning`
  ADD CONSTRAINT `fk_planning_personnel` FOREIGN KEY (`idPersonnel`) REFERENCES `personnel_de_sante` (`id_personnel`) ON UPDATE CASCADE;

--
-- Contraintes pour la table `rdv`
--
ALTER TABLE `rdv`
  ADD CONSTRAINT `fk_rdv_patient` FOREIGN KEY (`idPatient`) REFERENCES `patient` (`id_patient`) ON UPDATE CASCADE,
  ADD CONSTRAINT `fk_rdv_personnel` FOREIGN KEY (`idPersonnel`) REFERENCES `personnel_de_sante` (`id_personnel`) ON UPDATE CASCADE;
COMMIT;

/*!40101 SET CHARACTER_SET_CLIENT=@OLD_CHARACTER_SET_CLIENT */;
/*!40101 SET CHARACTER_SET_RESULTS=@OLD_CHARACTER_SET_RESULTS */;
/*!40101 SET COLLATION_CONNECTION=@OLD_COLLATION_CONNECTION */;
